[
    [
        51.275032,
        37.522618
    ],
    [
        51.274376,
        37.524272
    ],
    [
        51.273844,
        37.525582
    ],
    [
        51.273128,
        37.527256
    ],
    [
        51.272975,
        37.52761
    ],
    [
        51.273582,
        37.528861
    ],
    [
        51.274173,
        37.530077
    ],
    [
        51.274321,
        37.530312
    ],
    [
        51.274859,
        37.529134
    ],
    [
        51.275547,
        37.527468
    ],
    [
        51.276399,
        37.52535
    ],
    [
        51.276576,
        37.524836
    ],
    [
        51.277333,
        37.523083
    ],
    [
        51.277998,
        37.521462
    ],
    [
        51.278484,
        37.520287
    ],
    [
        51.279184,
        37.518575
    ],
    [
        51.279444,
        37.517924
    ],
    [
        51.27929,
        37.517612
    ],
    [
        51.279046,
        37.516762
    ],
    [
        51.278902,
        37.516633
    ],
    [
        51.278751,
        37.516696
    ],
    [
        51.278323,
        37.517165
    ],
    [
        51.277854,
        37.517673
    ],
    [
        51.277829,
        37.517595
    ],
    [
        51.277756,
        37.517772
    ],
    [
        51.277511,
        37.518039
    ],
    [
        51.277267,
        37.518211
    ],
    [
        51.277064,
        37.518271
    ],
    [
        51.276935,
        37.518238
    ],
    [
        51.276788,
        37.518054
    ],
    [
        51.276525,
        37.517754
    ],
    [
        51.275535,
        37.516832
    ],
    [
        51.275417,
        37.516625
    ],
    [
        51.275362,
        37.516463
    ],
    [
        51.275401,
        37.516222
    ],
    [
        51.275404,
        37.516042
    ],
    [
        51.275341,
        37.515937
    ],
    [
        51.275232,
        37.515958
    ],
    [
        51.275046,
        37.515809
    ],
    [
        51.274667,
        37.51543
    ],
    [
        51.274268,
        37.515012
    ],
    [
        51.273739,
        37.514487
    ],
    [
        51.273262,
        37.513906
    ],
    [
        51.273067,
        37.5136
    ],
    [
        51.272862,
        37.51319
    ],
    [
        51.272662,
        37.512429
    ],
    [
        51.272607,
        37.512093
    ],
    [
        51.272584,
        37.511665
    ],
    [
        51.272585,
        37.511536
    ],
    [
        51.272634,
        37.511491
    ],
    [
        51.272571,
        37.511339
    ],
    [
        51.272565,
        37.510997
    ],
    [
        51.272651,
        37.510691
    ],
    [
        51.272765,
        37.510494
    ],
    [
        51.272997,
        37.510485
    ],
    [
        51.27367,
        37.510471
    ],
    [
        51.274306,
        37.510443
    ],
    [
        51.274914,
        37.51043
    ],
    [
        51.275333,
        37.510415
    ],
    [
        51.27585,
        37.510413
    ],
    [
        51.276289,
        37.510383
    ],
    [
        51.276689,
        37.510362
    ],
    [
        51.277028,
        37.510363
    ],
    [
        51.27734,
        37.510344
    ],
    [
        51.277518,
        37.510341
    ],
    [
        51.277551,
        37.510418
    ],
    [
        51.27769,
        37.510329
    ],
    [
        51.278171,
        37.510307
    ],
    [
        51.27857,
        37.510299
    ],
    [
        51.278828,
        37.510284
    ],
    [
        51.278842,
        37.511376
    ],
    [
        51.27886,
        37.512579
    ],
    [
        51.278877,
        37.513791
    ],
    [
        51.278892,
        37.514567
    ],
    [
        51.278897,
        37.515278
    ],
    [
        51.278916,
        37.516127
    ],
    [
        51.278903,
        37.516325
    ],
    [
        51.278856,
        37.516548
    ],
    [
        51.278844,
        37.516741
    ],
    [
        51.278916,
        37.517059
    ],
    [
        51.279089,
        37.517387
    ],
    [
        51.279378,
        37.517845
    ],
    [
        51.279651,
        37.518376
    ],
    [
        51.279952,
        37.518971
    ],
    [
        51.280265,
        37.519631
    ],
    [
        51.280529,
        37.52014
    ],
    [
        51.280722,
        37.520538
    ],
    [
        51.280919,
        37.52092
    ],
    [
        51.281393,
        37.521883
    ],
    [
        51.281698,
        37.522489
    ],
    [
        51.282007,
        37.523089
    ],
    [
        51.282179,
        37.523439
    ],
    [
        51.282369,
        37.523778
    ],
    [
        51.282664,
        37.524165
    ],
    [
        51.282948,
        37.524558
    ],
    [
        51.283141,
        37.524818
    ],
    [
        51.283317,
        37.525075
    ],
    [
        51.283285,
        37.525279
    ],
    [
        51.283422,
        37.525214
    ],
    [
        51.283667,
        37.525556
    ],
    [
        51.284159,
        37.526488
    ],
    [
        51.284557,
        37.527286
    ],
    [
        51.2849,
        37.52798
    ],
    [
        51.285431,
        37.529009
    ],
    [
        51.285859,
        37.529863
    ],
    [
        51.286209,
        37.530581
    ],
    [
        51.286546,
        37.531251
    ],
    [
        51.286926,
        37.532026
    ],
    [
        51.287251,
        37.53267
    ],
    [
        51.287687,
        37.533552
    ],
    [
        51.288123,
        37.534407
    ],
    [
        51.288596,
        37.535365
    ],
    [
        51.289142,
        37.53647
    ],
    [
        51.289225,
        37.536614
    ],
    [
        51.288731,
        37.537219
    ],
    [
        51.288336,
        37.537715
    ],
    [
        51.287918,
        37.538253
    ],
    [
        51.287591,
        37.538652
    ],
    [
        51.287249,
        37.539091
    ],
    [
        51.287067,
        37.539311
    ],
    [
        51.286963,
        37.539283
    ],
    [
        51.286963,
        37.539445
    ],
    [
        51.286662,
        37.539828
    ],
    [
        51.28637,
        37.5402
    ],
    [
        51.286171,
        37.540444
    ],
    [
        51.285937,
        37.540745
    ],
    [
        51.285755,
        37.540973
    ],
    [
        51.285512,
        37.541289
    ],
    [
        51.285372,
        37.541463
    ],
    [
        51.285156,
        37.541734
    ],
    [
        51.285003,
        37.541928
    ],
    [
        51.284782,
        37.542256
    ],
    [
        51.284458,
        37.542624
    ],
    [
        51.284204,
        37.542944
    ],
    [
        51.284051,
        37.543141
    ],
    [
        51.283982,
        37.54306
    ],
    [
        51.283957,
        37.54327
    ],
    [
        51.283718,
        37.543571
    ],
    [
        51.283495,
        37.543845
    ],
    [
        51.283359,
        37.544028
    ],
    [
        51.282988,
        37.544496
    ],
    [
        51.282585,
        37.545014
    ],
    [
        51.282242,
        37.545447
    ],
    [
        51.281928,
        37.545848
    ],
    [
        51.281714,
        37.546126
    ],
    [
        51.281406,
        37.54652
    ],
    [
        51.281097,
        37.54691
    ],
    [
        51.280904,
        37.547162
    ],
    [
        51.280775,
        37.547332
    ],
    [
        51.280712,
        37.547287
    ],
    [
        51.28071,
        37.547405
    ],
    [
        51.280535,
        37.547631
    ],
    [
        51.280428,
        37.547807
    ],
    [
        51.280665,
        37.54832
    ],
    [
        51.280949,
        37.548947
    ],
    [
        51.280973,
        37.549192
    ],
    [
        51.281114,
        37.549233
    ],
    [
        51.281458,
        37.549981
    ],
    [
        51.281727,
        37.550535
    ],
    [
        51.281991,
        37.550932
    ],
    [
        51.282328,
        37.551362
    ],
    [
        51.282648,
        37.551709
    ],
    [
        51.283129,
        37.552253
    ],
    [
        51.283321,
        37.552511
    ],
    [
        51.283348,
        37.5528
    ],
    [
        51.283367,
        37.553234
    ],
    [
        51.283269,
        37.55364
    ],
    [
        51.283162,
        37.553803
    ],
    [
        51.283201,
        37.553997
    ],
    [
        51.283091,
        37.554581
    ],
    [
        51.282913,
        37.555534
    ],
    [
        51.282772,
        37.556189
    ],
    [
        51.282533,
        37.55676
    ],
    [
        51.282295,
        37.557062
    ],
    [
        51.282089,
        37.557219
    ],
    [
        51.281834,
        37.557308
    ],
    [
        51.28148,
        37.557458
    ],
    [
        51.281229,
        37.557576
    ],
    [
        51.281047,
        37.557736
    ],
    [
        51.28074,
        37.558145
    ],
    [
        51.280532,
        37.558484
    ],
    [
        51.280338,
        37.558895
    ],
    [
        51.280157,
        37.559581
    ],
    [
        51.27998,
        37.560553
    ],
    [
        51.279873,
        37.561125
    ],
    [
        51.279728,
        37.561748
    ],
    [
        51.279542,
        37.562227
    ],
    [
        51.279275,
        37.562867
    ],
    [
        51.27857,
        37.564509
    ],
    [
        51.278269,
        37.565218
    ],
    [
        51.278201,
        37.565315
    ],
    [
        51.27818,
        37.56557
    ],
    [
        51.278242,
        37.565767
    ],
    [
        51.278273,
        37.565935
    ],
    [
        51.278335,
        37.565859
    ],
    [
        51.278423,
        37.565844
    ],
    [
        51.27856,
        37.565717
    ],
    [
        51.27862,
        37.565588
    ],
    [
        51.278589,
        37.56532
    ],
    [
        51.278492,
        37.565149
    ],
    [
        51.278364,
        37.565159
    ],
    [
        51.278308,
        37.56517
    ],
    [
        51.278175,
        37.565327
    ],
    [
        51.278039,
        37.565546
    ],
    [
        51.277877,
        37.565754
    ],
    [
        51.277575,
        37.566143
    ],
    [
        51.277444,
        37.566407
    ],
    [
        51.277342,
        37.566728
    ],
    [
        51.277284,
        37.567218
    ],
    [
        51.277324,
        37.567677
    ],
    [
        51.277461,
        37.568216
    ],
    [
        51.277795,
        37.56939
    ],
    [
        51.278108,
        37.569943
    ],
    [
        51.278302,
        37.57033
    ],
    [
        51.278702,
        37.570919
    ],
    [
        51.279183,
        37.571629
    ],
    [
        51.279515,
        37.572099
    ],
    [
        51.279757,
        37.572442
    ],
    [
        51.279787,
        37.572556
    ],
    [
        51.279868,
        37.572579
    ],
    [
        51.28026,
        37.57318
    ],
    [
        51.280761,
        37.573934
    ],
    [
        51.281161,
        37.574464
    ],
    [
        51.281401,
        37.574843
    ],
    [
        51.281425,
        37.574976
    ],
    [
        51.281524,
        37.575001
    ],
    [
        51.281909,
        37.575584
    ],
    [
        51.282288,
        37.576153
    ],
    [
        51.28272,
        37.576797
    ],
    [
        51.283189,
        37.577465
    ],
    [
        51.283234,
        37.577565
    ],
    [
        51.283301,
        37.577571
    ],
    [
        51.283536,
        37.577844
    ],
    [
        51.283715,
        37.578006
    ],
    [
        51.283888,
        37.578182
    ],
    [
        51.284093,
        37.578422
    ],
    [
        51.284412,
        37.578952
    ],
    [
        51.284801,
        37.579699
    ],
    [
        51.28516,
        37.580385
    ],
    [
        51.285427,
        37.580882
    ],
    [
        51.285757,
        37.581489
    ],
    [
        51.286102,
        37.582146
    ],
    [
        51.286182,
        37.582319
    ],
    [
        51.286182,
        37.582361
    ],
    [
        51.28623,
        37.582404
    ],
    [
        51.28643,
        37.582757
    ],
    [
        51.286664,
        37.583089
    ],
    [
        51.286974,
        37.58351
    ],
    [
        51.287499,
        37.584015
    ],
    [
        51.288013,
        37.584504
    ],
    [
        51.288379,
        37.584836
    ],
    [
        51.28883,
        37.585248
    ],
    [
        51.289313,
        37.585747
    ],
    [
        51.28961,
        37.586175
    ],
    [
        51.29001,
        37.586823
    ],
    [
        51.29036,
        37.587499
    ],
    [
        51.290652,
        37.588284
    ],
    [
        51.290859,
        37.588998
    ],
    [
        51.291075,
        37.589696
    ],
    [
        51.291333,
        37.590556
    ],
    [
        51.291941,
        37.592415
    ],
    [
        51.29213,
        37.592937
    ],
    [
        51.29213,
        37.593074
    ],
    [
        51.292233,
        37.593168
    ],
    [
        51.292488,
        37.593818
    ],
    [
        51.292795,
        37.594757
    ],
    [
        51.293063,
        37.595525
    ],
    [
        51.293355,
        37.596398
    ],
    [
        51.293613,
        37.597161
    ],
    [
        51.293901,
        37.598002
    ],
    [
        51.294265,
        37.599059
    ],
    [
        51.294542,
        37.599889
    ],
    [
        51.294743,
        37.600453
    ],
    [
        51.294975,
        37.601173
    ],
    [
        51.295168,
        37.601748
    ],
    [
        51.295474,
        37.602641
    ],
    [
        51.295688,
        37.603259
    ],
    [
        51.295855,
        37.603785
    ],
    [
        51.295845,
        37.603896
    ],
    [
        51.295914,
        37.603978
    ],
    [
        51.295995,
        37.604233
    ],
    [
        51.296051,
        37.604853
    ],
    [
        51.295956,
        37.605021
    ],
    [
        51.295927,
        37.605276
    ],
    [
        51.296043,
        37.605525
    ],
    [
        51.296201,
        37.60572
    ],
    [
        51.296541,
        37.605877
    ],
    [
        51.29678,
        37.605715
    ],
    [
        51.296788,
        37.605379
    ],
    [
        51.296842,
        37.605274
    ],
    [
        51.296998,
        37.60506
    ],
    [
        51.297137,
        37.604661
    ],
    [
        51.297531,
        37.603814
    ],
    [
        51.297721,
        37.603405
    ],
    [
        51.297794,
        37.603474
    ],
    [
        51.297833,
        37.60316
    ],
    [
        51.298141,
        37.60253
    ],
    [
        51.298405,
        37.601942
    ],
    [
        51.29892,
        37.600763
    ],
    [
        51.299535,
        37.599488
    ],
    [
        51.300096,
        37.599291
    ],
    [
        51.300134,
        37.599351
    ],
    [
        51.300217,
        37.59924
    ],
    [
        51.300678,
        37.599066
    ],
    [
        51.301134,
        37.598904
    ],
    [
        51.301542,
        37.598741
    ],
    [
        51.301999,
        37.598576
    ],
    [
        51.302494,
        37.598403
    ],
    [
        51.303052,
        37.598195
    ],
    [
        51.303374,
        37.598074
    ],
    [
        51.303408,
        37.598187
    ],
    [
        51.303448,
        37.598044
    ],
    [
        51.304014,
        37.597833
    ],
    [
        51.304385,
        37.597711
    ],
    [
        51.304474,
        37.598015
    ],
    [
        51.304613,
        37.599146
    ],
    [
        51.304681,
        37.599666
    ],
    [
        51.304791,
        37.600422
    ],
    [
        51.304881,
        37.601075
    ],
    [
        51.304921,
        37.601427
    ],
    [
        51.304979,
        37.601861
    ],
    [
        51.304917,
        37.601862
    ],
    [
        51.304985,
        37.60194
    ],
    [
        51.305084,
        37.602654
    ],
    [
        51.305233,
        37.603722
    ],
    [
        51.305349,
        37.604707
    ],
    [
        51.305469,
        37.605611
    ],
    [
        51.305614,
        37.606683
    ],
    [
        51.305752,
        37.607739
    ],
    [
        51.305701,
        37.607767
    ],
    [
        51.305774,
        37.607933
    ],
    [
        51.305792,
        37.608166
    ],
    [
        51.305767,
        37.608496
    ],
    [
        51.305742,
        37.608783
    ],
    [
        51.305679,
        37.609179
    ],
    [
        51.305466,
        37.609886
    ],
    [
        51.305356,
        37.610107
    ],
    [
        51.304773,
        37.610651
    ],
    [
        51.303748,
        37.61125
    ],
    [
        51.303506,
        37.611648
    ],
    [
        51.303925,
        37.612213
    ],
    [
        51.304298,
        37.612699
    ],
    [
        51.3046,
        37.613145
    ],
    [
        51.305031,
        37.613742
    ],
    [
        51.305385,
        37.614374
    ],
    [
        51.305809,
        37.615023
    ],
    [
        51.30637,
        37.615898
    ],
    [
        51.308023,
        37.618441
    ],
    [
        51.309702,
        37.621231
    ],
    [
        51.311279,
        37.624247
    ],
    [
        51.31273,
        37.6273
    ],
    [
        51.313789,
        37.629943
    ],
    [
        51.31417,
        37.6312
    ],
    [
        51.314467,
        37.631986
    ],
    [
        51.314863,
        37.633253
    ],
    [
        51.315168,
        37.634458
    ],
    [
        51.315507,
        37.635869
    ],
    [
        51.315927,
        37.637375
    ],
    [
        51.316356,
        37.639329
    ],
    [
        51.316901,
        37.641767
    ],
    [
        51.317222,
        37.64342
    ],
    [
        51.317465,
        37.644979
    ],
    [
        51.317738,
        37.64669
    ],
    [
        51.317966,
        37.648176
    ],
    [
        51.318463,
        37.652116
    ],
    [
        51.318664,
        37.654383
    ],
    [
        51.318973,
        37.660175
    ],
    [
        51.319118,
        37.662726
    ],
    [
        51.319341,
        37.665462
    ],
    [
        51.319434,
        37.666915
    ],
    [
        51.319576,
        37.668457
    ],
    [
        51.319621,
        37.669087
    ],
    [
        51.31972,
        37.670517
    ],
    [
        51.319817,
        37.671187
    ],
    [
        51.319935,
        37.672434
    ],
    [
        51.320103,
        37.674424
    ],
    [
        51.320228,
        37.675957
    ],
    [
        51.320311,
        37.6769
    ],
    [
        51.320335,
        37.677416
    ],
    [
        51.320421,
        37.678198
    ],
    [
        51.320498,
        37.678812
    ],
    [
        51.32058,
        37.679976
    ],
    [
        51.320718,
        37.68134
    ],
    [
        51.320851,
        37.682942
    ],
    [
        51.320944,
        37.684141
    ],
    [
        51.321038,
        37.684993
    ],
    [
        51.321144,
        37.686168
    ],
    [
        51.32128,
        37.687685
    ],
    [
        51.32139,
        37.688863
    ],
    [
        51.322382,
        37.700062
    ],
    [
        51.322675,
        37.70336
    ],
    [
        51.32302,
        37.706791
    ],
    [
        51.323449,
        37.711005
    ],
    [
        51.324106,
        37.717957
    ],
    [
        51.324531,
        37.722959
    ],
    [
        51.324914,
        37.727351
    ],
    [
        51.325225,
        37.730541
    ],
    [
        51.325405,
        37.732856
    ],
    [
        51.325647,
        37.735465
    ],
    [
        51.325735,
        37.736305
    ],
    [
        51.325709,
        37.736878
    ],
    [
        51.325647,
        37.737362
    ],
    [
        51.325528,
        37.737755
    ],
    [
        51.324964,
        37.739112
    ],
    [
        51.32444,
        37.740262
    ],
    [
        51.324184,
        37.740733
    ],
    [
        51.323786,
        37.741179
    ],
    [
        51.322064,
        37.742189
    ],
    [
        51.320444,
        37.743327
    ],
    [
        51.318388,
        37.745053
    ],
    [
        51.316836,
        37.746613
    ],
    [
        51.315809,
        37.747848
    ],
    [
        51.314475,
        37.749569
    ],
    [
        51.314072,
        37.750001
    ],
    [
        51.312571,
        37.752171
    ],
    [
        51.311223,
        37.754192
    ],
    [
        51.309302,
        37.756961
    ],
    [
        51.307921,
        37.758993
    ],
    [
        51.306702,
        37.760786
    ],
    [
        51.304931,
        37.763354
    ],
    [
        51.303516,
        37.765373
    ],
    [
        51.302291,
        37.766953
    ],
    [
        51.301823,
        37.76732
    ],
    [
        51.301455,
        37.767643
    ],
    [
        51.301202,
        37.767706
    ],
    [
        51.301132,
        37.76804
    ],
    [
        51.300993,
        37.768152
    ],
    [
        51.300901,
        37.768491
    ],
    [
        51.300339,
        37.769307
    ],
    [
        51.299817,
        37.769973
    ],
    [
        51.298644,
        37.771428
    ],
    [
        51.297178,
        37.773424
    ],
    [
        51.29601,
        37.775032
    ],
    [
        51.294972,
        37.776533
    ],
    [
        51.293676,
        37.778433
    ],
    [
        51.292661,
        37.779944
    ],
    [
        51.29178,
        37.781237
    ],
    [
        51.289521,
        37.784535
    ],
    [
        51.288195,
        37.786512
    ],
    [
        51.287622,
        37.787189
    ],
    [
        51.286886,
        37.787703
    ],
    [
        51.286502,
        37.787884
    ],
    [
        51.285809,
        37.788055
    ],
    [
        51.28529,
        37.787963
    ],
    [
        51.284901,
        37.787833
    ],
    [
        51.284735,
        37.787646
    ],
    [
        51.284543,
        37.78759
    ],
    [
        51.284339,
        37.787715
    ],
    [
        51.284236,
        37.787729
    ],
    [
        51.28408,
        37.787839
    ],
    [
        51.283077,
        37.787976
    ],
    [
        51.282699,
        37.788217
    ],
    [
        51.281504,
        37.78934
    ],
    [
        51.280091,
        37.790734
    ],
    [
        51.279954,
        37.790835
    ],
    [
        51.278793,
        37.79205
    ],
    [
        51.277902,
        37.792865
    ],
    [
        51.276873,
        37.793908
    ],
    [
        51.275843,
        37.794893
    ],
    [
        51.274822,
        37.795914
    ],
    [
        51.273971,
        37.796757
    ],
    [
        51.273344,
        37.797467
    ],
    [
        51.273014,
        37.798032
    ],
    [
        51.272847,
        37.798409
    ],
    [
        51.272543,
        37.799281
    ],
    [
        51.272423,
        37.800068
    ],
    [
        51.272317,
        37.801194
    ],
    [
        51.272066,
        37.803576
    ],
    [
        51.271887,
        37.805091
    ],
    [
        51.271867,
        37.805401
    ],
    [
        51.27175,
        37.805583
    ],
    [
        51.271505,
        37.805637
    ],
    [
        51.271384,
        37.805552
    ],
    [
        51.270511,
        37.803873
    ],
    [
        51.268571,
        37.800343
    ],
    [
        51.266225,
        37.796018
    ],
    [
        51.265841,
        37.795569
    ],
    [
        51.265121,
        37.794755
    ],
    [
        51.264247,
        37.793748
    ],
    [
        51.263284,
        37.792679
    ],
    [
        51.262377,
        37.791709
    ],
    [
        51.261019,
        37.790147
    ],
    [
        51.260433,
        37.789478
    ],
    [
        51.25937,
        37.788316
    ],
    [
        51.258681,
        37.78755
    ],
    [
        51.258013,
        37.786515
    ],
    [
        51.257179,
        37.784834
    ],
    [
        51.256378,
        37.783427
    ],
    [
        51.255063,
        37.780869
    ],
    [
        51.253259,
        37.777299
    ],
    [
        51.252854,
        37.776479
    ],
    [
        51.252485,
        37.776659
    ],
    [
        51.251881,
        37.777422
    ],
    [
        51.251568,
        37.777815
    ],
    [
        51.251193,
        37.778304
    ],
    [
        51.250842,
        37.778745
    ],
    [
        51.250318,
        37.779423
    ],
    [
        51.250115,
        37.779552
    ],
    [
        51.24981,
        37.779814
    ],
    [
        51.249622,
        37.779965
    ],
    [
        51.249516,
        37.780008
    ],
    [
        51.249298,
        37.780074
    ],
    [
        51.249023,
        37.780046
    ],
    [
        51.24889,
        37.780047
    ],
    [
        51.248636,
        37.779938
    ],
    [
        51.24834,
        37.779808
    ],
    [
        51.248093,
        37.779702
    ],
    [
        51.247851,
        37.779594
    ],
    [
        51.247527,
        37.77945
    ],
    [
        51.247174,
        37.779293
    ],
    [
        51.24691,
        37.779182
    ],
    [
        51.246555,
        37.779013
    ],
    [
        51.246332,
        37.778983
    ],
    [
        51.246187,
        37.779012
    ],
    [
        51.246,
        37.77908
    ],
    [
        51.245672,
        37.779354
    ],
    [
        51.245257,
        37.779732
    ],
    [
        51.244902,
        37.780057
    ],
    [
        51.244779,
        37.780168
    ],
    [
        51.244601,
        37.78041
    ],
    [
        51.244425,
        37.780745
    ],
    [
        51.244345,
        37.781006
    ],
    [
        51.244256,
        37.78133
    ],
    [
        51.244168,
        37.781782
    ],
    [
        51.244085,
        37.782226
    ],
    [
        51.244001,
        37.782663
    ],
    [
        51.243899,
        37.78318
    ],
    [
        51.243818,
        37.783663
    ],
    [
        51.243763,
        37.783937
    ],
    [
        51.243314,
        37.784104
    ],
    [
        51.243163,
        37.784815
    ],
    [
        51.257903,
        37.752516
    ],
    [
        51.25789,
        37.752933
    ],
    [
        51.256663,
        37.753726
    ],
    [
        51.254934,
        37.754777
    ],
    [
        51.253744,
        37.755511
    ],
    [
        51.252922,
        37.755649
    ],
    [
        51.252175,
        37.755601
    ],
    [
        51.251249,
        37.755301
    ],
    [
        51.250148,
        37.754756
    ],
    [
        51.249274,
        37.754279
    ],
    [
        51.248218,
        37.753751
    ],
    [
        51.247907,
        37.753533
    ],
    [
        51.247033,
        37.752737
    ],
    [
        51.246752,
        37.752451
    ],
    [
        51.246519,
        37.752784
    ],
    [
        51.246139,
        37.753611
    ],
    [
        51.245684,
        37.754575
    ],
    [
        51.245269,
        37.755433
    ],
    [
        51.244869,
        37.756244
    ],
    [
        51.244395,
        37.756584
    ],
    [
        51.243904,
        37.756842
    ],
    [
        51.243242,
        37.757277
    ],
    [
        51.243054,
        37.757435
    ],
    [
        51.24293,
        37.757734
    ],
    [
        51.242897,
        37.758066
    ],
    [
        51.242954,
        37.758417
    ],
    [
        51.243225,
        37.759504
    ],
    [
        51.243554,
        37.760814
    ],
    [
        51.243723,
        37.761475
    ],
    [
        51.243829,
        37.763189
    ],
    [
        51.243871,
        37.763949
    ],
    [
        51.243723,
        37.761495
    ],
    [
        51.243494,
        37.760554
    ],
    [
        51.243205,
        37.759438
    ],
    [
        51.242966,
        37.758428
    ],
    [
        51.242899,
        37.758079
    ],
    [
        51.242932,
        37.757745
    ],
    [
        51.243058,
        37.757427
    ],
    [
        51.243258,
        37.757256
    ],
    [
        51.243918,
        37.756818
    ],
    [
        51.244382,
        37.75661
    ],
    [
        51.24459,
        37.756697
    ],
    [
        51.244809,
        37.757056
    ],
    [
        51.245868,
        37.761965
    ],
    [
        51.246682,
        37.765155
    ],
    [
        51.247016,
        37.765837
    ],
    [
        51.247616,
        37.766514
    ],
    [
        51.248488,
        37.76804
    ],
    [
        51.248803,
        37.768157
    ],
    [
        51.250916,
        37.767528
    ],
    [
        51.252108,
        37.768654
    ],
    [
        51.25265,
        37.768813
    ],
    [
        51.253273,
        37.768763
    ],
    [
        51.253438,
        37.769134
    ],
    [
        51.253476,
        37.770979
    ],
    [
        51.252858,
        37.776475
    ],
    [
        51.253111,
        37.77707
    ],
    [
        51.254106,
        37.778999
    ],
    [
        51.255304,
        37.781332
    ],
    [
        51.256526,
        37.783698
    ],
    [
        51.257863,
        37.786219
    ],
    [
        51.258695,
        37.787548
    ],
    [
        51.259504,
        37.788456
    ],
    [
        51.261055,
        37.790188
    ],
    [
        51.262388,
        37.79169
    ],
    [
        51.264137,
        37.79364
    ],
    [
        51.265394,
        37.795063
    ],
    [
        51.266303,
        37.796151
    ],
    [
        51.267463,
        37.798297
    ],
    [
        51.268686,
        37.800546
    ],
    [
        51.269395,
        37.80185
    ],
    [
        51.270251,
        37.803427
    ],
    [
        51.270893,
        37.80459
    ],
    [
        51.271418,
        37.805595
    ],
    [
        51.271557,
        37.806194
    ],
    [
        51.271531,
        37.80637
    ],
    [
        51.271587,
        37.806609
    ],
    [
        51.271655,
        37.806732
    ],
    [
        51.271766,
        37.806799
    ],
    [
        51.271899,
        37.80678
    ],
    [
        51.272032,
        37.80665
    ],
    [
        51.272076,
        37.80637
    ],
    [
        51.272032,
        37.806136
    ],
    [
        51.271989,
        37.805925
    ],
    [
        51.272018,
        37.80492
    ],
    [
        51.272231,
        37.802927
    ],
    [
        51.272446,
        37.800775
    ],
    [
        51.272539,
        37.799812
    ],
    [
        51.272783,
        37.798831
    ],
    [
        51.273025,
        37.798222
    ],
    [
        51.27337,
        37.79762
    ],
    [
        51.274502,
        37.796409
    ],
    [
        51.275655,
        37.79529
    ],
    [
        51.276744,
        37.794203
    ],
    [
        51.277932,
        37.793039
    ],
    [
        51.279197,
        37.791817
    ],
    [
        51.280392,
        37.79063
    ],
    [
        51.281644,
        37.789371
    ],
    [
        51.282792,
        37.788234
    ],
    [
        51.282984,
        37.788077
    ],
    [
        51.283627,
        37.787986
    ],
    [
        51.28397,
        37.788044
    ],
    [
        51.284301,
        37.788188
    ],
    [
        51.28447,
        37.788415
    ],
    [
        51.284601,
        37.788451
    ],
    [
        51.284791,
        37.788263
    ],
    [
        51.284865,
        37.788211
    ],
    [
        51.285334,
        37.788167
    ],
    [
        51.285734,
        37.788173
    ],
    [
        51.286419,
        37.788069
    ],
    [
        51.286872,
        37.787902
    ],
    [
        51.287304,
        37.787589
    ],
    [
        51.287671,
        37.787302
    ],
    [
        51.288122,
        37.786724
    ],
    [
        51.288596,
        37.786089
    ],
    [
        51.289185,
        37.78521
    ],
    [
        51.289991,
        37.784028
    ],
    [
        51.29087,
        37.782748
    ],
    [
        51.291724,
        37.781502
    ],
    [
        51.292513,
        37.780349
    ],
    [
        51.293427,
        37.778998
    ],
    [
        51.294221,
        37.777795
    ],
    [
        51.295377,
        37.776138
    ],
    [
        51.296496,
        37.774531
    ],
    [
        51.297561,
        37.77306
    ],
    [
        51.298875,
        37.771298
    ],
    [
        51.299889,
        37.770052
    ],
    [
        51.300494,
        37.769297
    ],
    [
        51.301185,
        37.768741
    ],
    [
        51.3016,
        37.768467
    ],
    [
        51.301716,
        37.768146
    ],
    [
        51.302085,
        37.767427
    ],
    [
        51.302724,
        37.766595
    ],
    [
        51.303514,
        37.765539
    ],
    [
        51.304398,
        37.764314
    ],
    [
        51.305149,
        37.763225
    ],
    [
        51.306147,
        37.761795
    ],
    [
        51.307329,
        37.760091
    ],
    [
        51.307998,
        37.759058
    ],
    [
        51.30898,
        37.757703
    ],
    [
        51.309906,
        37.756323
    ],
    [
        51.310622,
        37.755263
    ],
    [
        51.311191,
        37.754445
    ],
    [
        51.312249,
        37.752893
    ],
    [
        51.313276,
        37.751377
    ],
    [
        51.314169,
        37.750111
    ],
    [
        51.314637,
        37.749482
    ],
    [
        51.315628,
        37.748215
    ],
    [
        51.316663,
        37.746995
    ],
    [
        51.317641,
        37.745959
    ],
    [
        51.319028,
        37.744628
    ],
    [
        51.320227,
        37.74362
    ],
    [
        51.321653,
        37.742611
    ],
    [
        51.323565,
        37.741406
    ],
    [
        51.324729,
        37.740822
    ],
    [
        51.32558,
        37.740509
    ],
    [
        51.326743,
        37.740307
    ],
    [
        51.327353,
        37.740228
    ],
    [
        51.327854,
        37.740286
    ],
    [
        51.32823,
        37.740669
    ],
    [
        51.328349,
        37.740873
    ],
    [
        51.328447,
        37.741257
    ],
    [
        51.328486,
        37.741592
    ],
    [
        51.32842,
        37.742032
    ],
    [
        51.328316,
        37.742311
    ],
    [
        51.328136,
        37.742548
    ],
    [
        51.327972,
        37.742665
    ],
    [
        51.327737,
        37.742707
    ],
    [
        51.327426,
        37.742601
    ],
    [
        51.327252,
        37.742381
    ],
    [
        51.327135,
        37.742132
    ],
    [
        51.326958,
        37.741626
    ],
    [
        51.326709,
        37.740712
    ],
    [
        51.326237,
        37.738654
    ],
    [
        51.325861,
        37.736559
    ],
    [
        51.325479,
        37.732469
    ],
    [
        51.325159,
        37.728884
    ],
    [
        51.324853,
        37.725444
    ],
    [
        51.324516,
        37.721588
    ],
    [
        51.324182,
        37.717891
    ],
    [
        51.323794,
        37.713642
    ],
    [
        51.323534,
        37.710639
    ],
    [
        51.323205,
        37.707731
    ],
    [
        51.32296,
        37.705124
    ],
    [
        51.322369,
        37.698781
    ],
    [
        51.321693,
        37.690967
    ],
    [
        51.321026,
        37.68358
    ],
    [
        51.320417,
        37.67644
    ],
    [
        51.319829,
        37.670137
    ],
    [
        51.319307,
        37.663528
    ],
    [
        51.318901,
        37.656365
    ],
    [
        51.318618,
        37.652537
    ],
    [
        51.318336,
        37.649848
    ],
    [
        51.317407,
        37.643737
    ],
    [
        51.317086,
        37.641946
    ],
    [
        51.316044,
        37.637417
    ],
    [
        51.314894,
        37.632958
    ],
    [
        51.314095,
        37.630375
    ],
    [
        51.312995,
        37.627513
    ],
    [
        51.310767,
        37.622934
    ],
    [
        51.309798,
        37.621049
    ],
    [
        51.306459,
        37.615693
    ],
    [
        51.30383,
        37.611803
    ],
    [
        51.302849,
        37.610624
    ],
    [
        51.302548,
        37.610323
    ],
    [
        51.302477,
        37.61014
    ],
    [
        51.302395,
        37.610172
    ],
    [
        51.302243,
        37.610021
    ],
    [
        51.301638,
        37.609421
    ],
    [
        51.300596,
        37.608466
    ],
    [
        51.29945,
        37.607513
    ],
    [
        51.298679,
        37.60693
    ],
    [
        51.298264,
        37.606526
    ],
    [
        51.29693,
        37.605542
    ],
    [
        51.296897,
        37.605247
    ],
    [
        51.29718,
        37.604562
    ],
    [
        51.297709,
        37.603426
    ],
    [
        51.297784,
        37.60344
    ],
    [
        51.297822,
        37.603177
    ],
    [
        51.298181,
        37.602436
    ],
    [
        51.298679,
        37.601326
    ],
    [
        51.299225,
        37.600136
    ],
    [
        51.299539,
        37.599486
    ],
    [
        51.299987,
        37.59932
    ],
    [
        51.300144,
        37.599349
    ],
    [
        51.300256,
        37.599212
    ],
    [
        51.300667,
        37.599076
    ],
    [
        51.301208,
        37.598867
    ],
    [
        51.302005,
        37.59857
    ],
    [
        51.302834,
        37.598263
    ],
    [
        51.303346,
        37.598071
    ],
    [
        51.303426,
        37.598177
    ],
    [
        51.303573,
        37.597983
    ],
    [
        51.304375,
        37.597691
    ],
    [
        51.304461,
        37.597977
    ],
    [
        51.304621,
        37.599137
    ],
    [
        51.304798,
        37.600378
    ],
    [
        51.30497,
        37.601696
    ],
    [
        51.304916,
        37.601862
    ],
    [
        51.305045,
        37.602238
    ],
    [
        51.305088,
        37.602654
    ],
    [
        51.304681,
        37.602767
    ],
    [
        51.30397,
        37.603056
    ],
    [
        51.303199,
        37.603317
    ],
    [
        51.302713,
        37.603482
    ],
    [
        51.302195,
        37.603674
    ],
    [
        51.300299,
        37.604325
    ],
    [
        51.300053,
        37.602695
    ],
    [
        51.299732,
        37.600288
    ],
    [
        51.299371,
        37.599834
    ],
    [
        51.298442,
        37.601828
    ],
    [
        51.297641,
        37.603549
    ],
    [
        51.297015,
        37.604854
    ],
    [
        51.296854,
        37.60504
    ],
    [
        51.296652,
        37.60505
    ],
    [
        51.296419,
        37.604912
    ],
    [
        51.296286,
        37.604805
    ],
    [
        51.29609,
        37.604392
    ],
    [
        51.296012,
        37.604191
    ],
    [
        51.296028,
        37.604073
    ],
    [
        51.295934,
        37.603984
    ],
    [
        51.295477,
        37.602626
    ],
    [
        51.295153,
        37.601688
    ],
    [
        51.294711,
        37.600356
    ],
    [
        51.294283,
        37.59909
    ],
    [
        51.294014,
        37.59833
    ],
    [
        51.293575,
        37.596986
    ],
    [
        51.293301,
        37.596196
    ],
    [
        51.292995,
        37.595279
    ],
    [
        51.292483,
        37.593817
    ],
    [
        51.292416,
        37.593592
    ],
    [
        51.292426,
        37.593463
    ],
    [
        51.292284,
        37.593257
    ],
    [
        51.291989,
        37.592547
    ],
    [
        51.291717,
        37.591761
    ],
    [
        51.291476,
        37.590986
    ],
    [
        51.291234,
        37.590231
    ],
    [
        51.290946,
        37.58925
    ],
    [
        51.290748,
        37.588614
    ],
    [
        51.290511,
        37.587904
    ],
    [
        51.290248,
        37.58726
    ],
    [
        51.289936,
        37.586695
    ],
    [
        51.289513,
        37.58602
    ],
    [
        51.289327,
        37.58576
    ],
    [
        51.288827,
        37.585248
    ],
    [
        51.288425,
        37.584874
    ],
    [
        51.28798,
        37.584465
    ],
    [
        51.287423,
        37.583935
    ],
    [
        51.287003,
        37.583513
    ],
    [
        51.286722,
        37.583131
    ],
    [
        51.286586,
        37.582937
    ],
    [
        51.286598,
        37.582815
    ],
    [
        51.286488,
        37.582801
    ],
    [
        51.286301,
        37.582512
    ],
    [
        51.286046,
        37.58202
    ],
    [
        51.2857,
        37.581337
    ],
    [
        51.285404,
        37.580804
    ],
    [
        51.285089,
        37.580217
    ],
    [
        51.284789,
        37.579658
    ],
    [
        51.284491,
        37.579085
    ],
    [
        51.284202,
        37.5786
    ],
    [
        51.283909,
        37.57821
    ],
    [
        51.283665,
        37.577957
    ],
    [
        51.283663,
        37.577896
    ],
    [
        51.2836,
        37.577887
    ],
    [
        51.283437,
        37.57773
    ],
    [
        51.283201,
        37.577439
    ],
    [
        51.282971,
        37.577116
    ],
    [
        51.282692,
        37.576707
    ],
    [
        51.282364,
        37.576207
    ],
    [
        51.282073,
        37.575782
    ],
    [
        51.281693,
        37.57522
    ],
    [
        51.281513,
        37.574957
    ],
    [
        51.281239,
        37.574567
    ],
    [
        51.281236,
        37.574465
    ],
    [
        51.281135,
        37.574422
    ],
    [
        51.280755,
        37.573855
    ],
    [
        51.280591,
        37.57363
    ],
    [
        51.28031,
        37.573221
    ],
    [
        51.28018,
        37.57301
    ],
    [
        51.280174,
        37.572887
    ],
    [
        51.280075,
        37.572846
    ],
    [
        51.279888,
        37.572589
    ],
    [
        51.279738,
        37.572378
    ],
    [
        51.279465,
        37.571972
    ],
    [
        51.279169,
        37.571557
    ],
    [
        51.278802,
        37.571039
    ],
    [
        51.278441,
        37.570492
    ],
    [
        51.278339,
        37.570342
    ],
    [
        51.278183,
        37.570054
    ],
    [
        51.277938,
        37.569614
    ],
    [
        51.277861,
        37.569398
    ],
    [
        51.277821,
        37.568934
    ],
    [
        51.277868,
        37.568492
    ],
    [
        51.277968,
        37.568113
    ],
    [
        51.278251,
        37.567255
    ],
    [
        51.278383,
        37.566986
    ],
    [
        51.278509,
        37.566683
    ],
    [
        51.278568,
        37.566343
    ],
    [
        51.27858,
        37.566041
    ],
    [
        51.278575,
        37.565737
    ],
    [
        51.278599,
        37.565658
    ],
    [
        51.278661,
        37.565657
    ],
    [
        51.278606,
        37.565521
    ],
    [
        51.278592,
        37.565327
    ],
    [
        51.278547,
        37.565177
    ],
    [
        51.278571,
        37.564749
    ],
    [
        51.27868,
        37.564257
    ],
    [
        51.278846,
        37.563865
    ],
    [
        51.279391,
        37.5626
    ],
    [
        51.279719,
        37.561822
    ],
    [
        51.279842,
        37.561327
    ],
    [
        51.28012,
        37.559874
    ],
    [
        51.280246,
        37.559233
    ],
    [
        51.280429,
        37.558681
    ],
    [
        51.280692,
        37.558244
    ],
    [
        51.281092,
        37.557687
    ],
    [
        51.281331,
        37.557521
    ],
    [
        51.281973,
        37.557281
    ],
    [
        51.282273,
        37.557092
    ],
    [
        51.282581,
        37.556707
    ],
    [
        51.282811,
        37.556077
    ],
    [
        51.283435,
        37.5529
    ],
    [
        51.283553,
        37.552837
    ],
    [
        51.283489,
        37.552673
    ],
    [
        51.283565,
        37.552347
    ],
    [
        51.283535,
        37.552203
    ],
    [
        51.283445,
        37.552124
    ],
    [
        51.283332,
        37.552085
    ],
    [
        51.283187,
        37.552026
    ],
    [
        51.282973,
        37.551921
    ],
    [
        51.282771,
        37.551786
    ],
    [
        51.282438,
        37.551448
    ],
    [
        51.282228,
        37.551196
    ],
    [
        51.281885,
        37.550739
    ],
    [
        51.281635,
        37.550304
    ],
    [
        51.281422,
        37.549849
    ],
    [
        51.281153,
        37.549277
    ],
    [
        51.280853,
        37.548662
    ],
    [
        51.280544,
        37.548002
    ],
    [
        51.280451,
        37.547776
    ],
    [
        51.28105,
        37.547035
    ],
    [
        51.281349,
        37.546643
    ],
    [
        51.281394,
        37.546696
    ],
    [
        51.281462,
        37.546492
    ],
    [
        51.281841,
        37.546002
    ],
    [
        51.282122,
        37.545645
    ],
    [
        51.282441,
        37.545242
    ],
    [
        51.282735,
        37.544861
    ],
    [
        51.283053,
        37.54444
    ],
    [
        51.28332,
        37.544121
    ],
    [
        51.283574,
        37.543783
    ],
    [
        51.284016,
        37.543246
    ],
    [
        51.284256,
        37.54292
    ],
    [
        51.284562,
        37.542551
    ],
    [
        51.28462,
        37.542476
    ],
    [
        51.284656,
        37.542504
    ],
    [
        51.284676,
        37.542398
    ],
    [
        51.284777,
        37.542273
    ],
    [
        51.284961,
        37.542034
    ],
    [
        51.28508,
        37.541873
    ],
    [
        51.286142,
        37.540529
    ],
    [
        51.286391,
        37.540206
    ],
    [
        51.286771,
        37.539729
    ],
    [
        51.28709,
        37.539323
    ],
    [
        51.287295,
        37.539073
    ],
    [
        51.28739,
        37.538958
    ],
    [
        51.287443,
        37.538966
    ],
    [
        51.287527,
        37.538791
    ],
    [
        51.287857,
        37.538371
    ],
    [
        51.28818,
        37.537954
    ],
    [
        51.288621,
        37.53739
    ],
    [
        51.288885,
        37.537059
    ],
    [
        51.289147,
        37.536719
    ],
    [
        51.289224,
        37.536627
    ],
    [
        51.289,
        37.536128
    ],
    [
        51.288524,
        37.535206
    ],
    [
        51.288184,
        37.534519
    ],
    [
        51.287895,
        37.533922
    ],
    [
        51.287564,
        37.533256
    ],
    [
        51.287305,
        37.532702
    ],
    [
        51.28713,
        37.532365
    ],
    [
        51.28694,
        37.532003
    ],
    [
        51.286725,
        37.531561
    ],
    [
        51.286538,
        37.531143
    ],
    [
        51.286342,
        37.53077
    ],
    [
        51.286188,
        37.53047
    ],
    [
        51.286099,
        37.530277
    ],
    [
        51.286131,
        37.53011
    ],
    [
        51.286021,
        37.530124
    ],
    [
        51.285791,
        37.52967
    ],
    [
        51.285585,
        37.529267
    ],
    [
        51.285357,
        37.528789
    ],
    [
        51.285149,
        37.528379
    ],
    [
        51.284933,
        37.527984
    ],
    [
        51.284756,
        37.527614
    ],
    [
        51.284511,
        37.527126
    ],
    [
        51.284316,
        37.526732
    ],
    [
        51.284087,
        37.526274
    ],
    [
        51.283814,
        37.52578
    ],
    [
        51.283647,
        37.525479
    ],
    [
        51.283461,
        37.525222
    ],
    [
        51.283213,
        37.524883
    ],
    [
        51.283033,
        37.524635
    ],
    [
        51.282819,
        37.524347
    ],
    [
        51.282694,
        37.524162
    ],
    [
        51.282711,
        37.524035
    ],
    [
        51.28262,
        37.524056
    ],
    [
        51.282398,
        37.523766
    ],
    [
        51.282222,
        37.523455
    ],
    [
        51.282052,
        37.523141
    ],
    [
        51.281865,
        37.522756
    ],
    [
        51.281738,
        37.522501
    ],
    [
        51.281629,
        37.522276
    ],
    [
        51.281362,
        37.521747
    ],
    [
        51.281219,
        37.521472
    ],
    [
        51.281058,
        37.521164
    ],
    [
        51.280899,
        37.520831
    ],
    [
        51.280743,
        37.520508
    ],
    [
        51.28056,
        37.520147
    ],
    [
        51.280422,
        37.519879
    ],
    [
        51.280276,
        37.519592
    ],
    [
        51.280005,
        37.519041
    ],
    [
        51.279744,
        37.518516
    ],
    [
        51.279542,
        37.518122
    ],
    [
        51.279391,
        37.517832
    ],
    [
        51.279277,
        37.517531
    ],
    [
        51.27915,
        37.517109
    ],
    [
        51.279014,
        37.516578
    ],
    [
        51.278941,
        37.516201
    ],
    [
        51.278928,
        37.515468
    ],
    [
        51.278924,
        37.514898
    ],
    [
        51.278998,
        37.514847
    ],
    [
        51.278918,
        37.514635
    ],
    [
        51.27891,
        37.514143
    ],
    [
        51.2789,
        37.513177
    ],
    [
        51.278875,
        37.512059
    ],
    [
        51.278853,
        37.510715
    ],
    [
        51.278841,
        37.510268
    ],
    [
        51.278521,
        37.510272
    ],
    [
        51.278155,
        37.51027
    ],
    [
        51.277675,
        37.510299
    ],
    [
        51.277283,
        37.510307
    ],
    [
        51.277162,
        37.510312
    ],
    [
        51.277139,
        37.510227
    ],
    [
        51.27706,
        37.510303
    ],
    [
        51.276646,
        37.510324
    ],
    [
        51.276244,
        37.510333
    ],
    [
        51.275893,
        37.51035
    ],
    [
        51.275506,
        37.510368
    ],
    [
        51.275099,
        37.510388
    ],
    [
        51.274581,
        37.510392
    ],
    [
        51.274199,
        37.510413
    ],
    [
        51.273902,
        37.510419
    ],
    [
        51.273519,
        37.510434
    ],
    [
        51.273075,
        37.510449
    ],
    [
        51.272824,
        37.510453
    ],
    [
        51.272723,
        37.51043
    ],
    [
        51.272615,
        37.510378
    ],
    [
        51.272483,
        37.510327
    ],
    [
        51.272409,
        37.510386
    ],
    [
        51.272357,
        37.510505
    ],
    [
        51.272357,
        37.510658
    ],
    [
        51.2724,
        37.510776
    ],
    [
        51.272461,
        37.510834
    ],
    [
        51.272525,
        37.510955
    ],
    [
        51.272561,
        37.51102
    ],
    [
        51.272562,
        37.511419
    ],
    [
        51.272569,
        37.511718
    ],
    [
        51.272508,
        37.511918
    ],
    [
        51.272579,
        37.512074
    ],
    [
        51.272654,
        37.512505
    ],
    [
        51.272791,
        37.513019
    ],
    [
        51.272968,
        37.513497
    ],
    [
        51.273168,
        37.513836
    ],
    [
        51.273453,
        37.514206
    ],
    [
        51.273785,
        37.514589
    ],
    [
        51.274258,
        37.515048
    ],
    [
        51.274758,
        37.51556
    ],
    [
        51.275113,
        37.515911
    ],
    [
        51.275197,
        37.516076
    ],
    [
        51.275241,
        37.516311
    ],
    [
        51.275356,
        37.516564
    ],
    [
        51.275487,
        37.516758
    ],
    [
        51.275937,
        37.517225
    ],
    [
        51.276375,
        37.517632
    ],
    [
        51.276746,
        37.518015
    ],
    [
        51.276957,
        37.518263
    ],
    [
        51.277161,
        37.51829
    ],
    [
        51.277315,
        37.518182
    ],
    [
        51.277528,
        37.518052
    ],
    [
        51.277855,
        37.517702
    ],
    [
        51.278104,
        37.517427
    ],
    [
        51.278182,
        37.517504
    ],
    [
        51.278322,
        37.517199
    ],
    [
        51.278614,
        37.516878
    ],
    [
        51.278793,
        37.516949
    ],
    [
        51.278952,
        37.517098
    ],
    [
        51.279154,
        37.517482
    ],
    [
        51.279426,
        37.517939
    ],
    [
        51.279254,
        37.518449
    ],
    [
        51.278726,
        37.519715
    ],
    [
        51.27816,
        37.521076
    ],
    [
        51.277753,
        37.522068
    ],
    [
        51.277235,
        37.523286
    ],
    [
        51.27675,
        37.524436
    ],
    [
        51.27652,
        37.524962
    ],
    [
        51.276439,
        37.525256
    ],
    [
        51.27615,
        37.526002
    ],
    [
        51.275863,
        37.526706
    ],
    [
        51.275274,
        37.528117
    ],
    [
        51.274998,
        37.528802
    ],
    [
        51.27446,
        37.530012
    ],
    [
        51.274312,
        37.530302
    ],
    [
        51.27417,
        37.530067
    ],
    [
        51.27408,
        37.529857
    ],
    [
        51.273713,
        37.529137
    ],
    [
        51.27329,
        37.528277
    ],
    [
        51.272983,
        37.527602
    ],
    [
        51.27311,
        37.527326
    ],
    [
        51.273181,
        37.527332
    ],
    [
        51.273206,
        37.527134
    ],
    [
        51.273636,
        37.526112
    ],
    [
        51.274096,
        37.524978
    ],
    [
        51.274559,
        37.52385
    ],
    [
        51.274889,
        37.523021
    ],
    [
        51.2752,
        37.52222
    ],
    [
        51.27526,
        37.522245
    ],
    [
        51.243874,
        37.763984
    ],
    [
        51.24377,
        37.762061
    ],
    [
        51.24372,
        37.761454
    ],
    [
        51.243372,
        37.760096
    ],
    [
        51.24297,
        37.758491
    ],
    [
        51.242898,
        37.758054
    ],
    [
        51.242927,
        37.757736
    ],
    [
        51.24305,
        37.757417
    ],
    [
        51.243281,
        37.757246
    ],
    [
        51.243843,
        37.756897
    ],
    [
        51.243944,
        37.756782
    ],
    [
        51.244434,
        37.756607
    ],
    [
        51.244598,
        37.756696
    ],
    [
        51.244783,
        37.757005
    ],
    [
        51.244985,
        37.75786
    ],
    [
        51.245344,
        37.759513
    ],
    [
        51.245632,
        37.760874
    ],
    [
        51.245872,
        37.76204
    ],
    [
        51.246205,
        37.763315
    ],
    [
        51.246581,
        37.764808
    ],
    [
        51.246825,
        37.765483
    ],
    [
        51.247092,
        37.765932
    ],
    [
        51.247609,
        37.766509
    ],
    [
        51.248023,
        37.767188
    ],
    [
        51.248485,
        37.768058
    ],
    [
        51.248826,
        37.768169
    ],
    [
        51.249863,
        37.767828
    ],
    [
        51.250911,
        37.767526
    ],
    [
        51.252099,
        37.768617
    ],
    [
        51.25262,
        37.768827
    ],
    [
        51.253258,
        37.768764
    ],
    [
        51.253439,
        37.769123
    ],
    [
        51.253483,
        37.771006
    ],
    [
        51.253233,
        37.773637
    ],
    [
        51.252866,
        37.776446
    ],
    [
        51.254155,
        37.779101
    ],
    [
        51.256564,
        37.783729
    ],
    [
        51.257946,
        37.786389
    ],
    [
        51.258639,
        37.787496
    ],
    [
        51.260137,
        37.789164
    ],
    [
        51.26252,
        37.791846
    ],
    [
        51.264954,
        37.794573
    ],
    [
        51.266246,
        37.796046
    ],
    [
        51.26792,
        37.799173
    ],
    [
        51.26962,
        37.802259
    ],
    [
        51.271425,
        37.805636
    ],
    [
        51.271549,
        37.806181
    ],
    [
        51.271537,
        37.806411
    ],
    [
        51.271622,
        37.806683
    ],
    [
        51.271775,
        37.806819
    ],
    [
        51.271969,
        37.80673
    ],
    [
        51.272096,
        37.806448
    ],
    [
        51.27204,
        37.806026
    ],
    [
        51.271957,
        37.805645
    ],
    [
        51.272178,
        37.803372
    ],
    [
        51.272525,
        37.799919
    ],
    [
        51.272815,
        37.798787
    ],
    [
        51.273029,
        37.798233
    ],
    [
        51.273212,
        37.797876
    ],
    [
        51.273438,
        37.797556
    ],
    [
        51.273805,
        37.797166
    ],
    [
        51.274959,
        37.795936
    ],
    [
        51.277491,
        37.7935
    ],
    [
        51.278904,
        37.792088
    ],
    [
        51.280397,
        37.790627
    ],
    [
        51.281833,
        37.789175
    ],
    [
        51.282934,
        37.788118
    ],
    [
        51.283337,
        37.787954
    ],
    [
        51.284045,
        37.788071
    ],
    [
        51.284364,
        37.788286
    ],
    [
        51.284487,
        37.788403
    ],
    [
        51.28466,
        37.78845
    ],
    [
        51.284772,
        37.788328
    ],
    [
        51.284784,
        37.788281
    ],
    [
        51.284848,
        37.788221
    ],
    [
        51.285096,
        37.788186
    ],
    [
        51.286046,
        37.788142
    ],
    [
        51.286548,
        37.788043
    ],
    [
        51.286941,
        37.787893
    ],
    [
        51.287393,
        37.787535
    ],
    [
        51.287689,
        37.787277
    ],
    [
        51.288525,
        37.786176
    ],
    [
        51.289428,
        37.784853
    ],
    [
        51.291102,
        37.782408
    ],
    [
        51.292246,
        37.780741
    ],
    [
        51.293466,
        37.778936
    ],
    [
        51.294305,
        37.777657
    ],
    [
        51.295717,
        37.775649
    ],
    [
        51.297138,
        37.773668
    ],
    [
        51.298891,
        37.771249
    ],
    [
        51.29981,
        37.770136
    ],
    [
        51.301048,
        37.768821
    ],
    [
        51.301638,
        37.768435
    ],
    [
        51.301875,
        37.767863
    ],
    [
        51.302116,
        37.767398
    ],
    [
        51.303192,
        37.766003
    ],
    [
        51.304194,
        37.764564
    ],
    [
        51.305214,
        37.763167
    ],
    [
        51.30627,
        37.761605
    ],
    [
        51.307405,
        37.759961
    ],
    [
        51.308961,
        37.757717
    ],
    [
        51.309995,
        37.756201
    ],
    [
        51.31091,
        37.754816
    ],
    [
        51.312735,
        37.752196
    ],
    [
        51.314571,
        37.749552
    ],
    [
        51.315701,
        37.74813
    ],
    [
        51.316824,
        37.746773
    ],
    [
        51.318678,
        37.744965
    ],
    [
        51.320225,
        37.743613
    ],
    [
        51.322438,
        37.742087
    ],
    [
        51.324478,
        37.740952
    ],
    [
        51.325494,
        37.740533
    ],
    [
        51.326734,
        37.740335
    ],
    [
        51.32726,
        37.740213
    ],
    [
        51.327886,
        37.740312
    ],
    [
        51.328305,
        37.740771
    ],
    [
        51.32842,
        37.741084
    ],
    [
        51.328464,
        37.741329
    ],
    [
        51.328472,
        37.741696
    ],
    [
        51.328422,
        37.742043
    ],
    [
        51.328326,
        37.742304
    ],
    [
        51.328156,
        37.742521
    ],
    [
        51.327975,
        37.742663
    ],
    [
        51.327703,
        37.742708
    ],
    [
        51.327442,
        37.742579
    ],
    [
        51.32703,
        37.741824
    ],
    [
        51.32691,
        37.741461
    ],
    [
        51.326729,
        37.740823
    ],
    [
        51.326449,
        37.739632
    ],
    [
        51.325999,
        37.737325
    ],
    [
        51.325804,
        37.735959
    ],
    [
        51.325739,
        37.735126
    ],
    [
        51.325117,
        37.728391
    ],
    [
        51.32432,
        37.719459
    ],
    [
        51.323707,
        37.712484
    ],
    [
        51.323505,
        37.710567
    ],
    [
        51.32322,
        37.707671
    ],
    [
        51.322978,
        37.705361
    ],
    [
        51.322793,
        37.703367
    ],
    [
        51.322553,
        37.700744
    ],
    [
        51.322449,
        37.699666
    ],
    [
        51.320511,
        37.677991
    ],
    [
        51.319497,
        37.667185
    ],
    [
        51.318763,
        37.653478
    ],
    [
        51.317318,
        37.643164
    ],
    [
        51.317022,
        37.641595
    ],
    [
        51.316715,
        37.64037
    ],
    [
        51.316419,
        37.639106
    ],
    [
        51.31625,
        37.638381
    ],
    [
        51.315339,
        37.634409
    ],
    [
        51.314673,
        37.632209
    ],
    [
        51.314123,
        37.630436
    ],
    [
        51.313022,
        37.627671
    ],
    [
        51.311886,
        37.625234
    ],
    [
        51.311088,
        37.623534
    ],
    [
        51.310266,
        37.621945
    ],
    [
        51.309964,
        37.621339
    ],
    [
        51.308751,
        37.619317
    ],
    [
        51.308092,
        37.618323
    ],
    [
        51.307121,
        37.616767
    ],
    [
        51.306645,
        37.616013
    ],
    [
        51.305982,
        37.615025
    ],
    [
        51.305415,
        37.614112
    ],
    [
        51.304756,
        37.61311
    ],
    [
        51.303662,
        37.61163
    ],
    [
        51.303338,
        37.611225
    ],
    [
        51.30242,
        37.610194
    ],
    [
        51.301741,
        37.609509
    ],
    [
        51.30094,
        37.608739
    ],
    [
        51.300098,
        37.608047
    ],
    [
        51.299538,
        37.607591
    ],
    [
        51.298913,
        37.607157
    ],
    [
        51.298543,
        37.606794
    ],
    [
        51.298221,
        37.606445
    ],
    [
        51.297152,
        37.605735
    ],
    [
        51.296941,
        37.605542
    ],
    [
        51.296899,
        37.605271
    ],
    [
        51.296973,
        37.605047
    ],
    [
        51.297214,
        37.604498
    ],
    [
        51.297647,
        37.603549
    ],
    [
        51.297769,
        37.603442
    ],
    [
        51.297903,
        37.603021
    ],
    [
        51.299199,
        37.60016
    ],
    [
        51.299542,
        37.599453
    ],
    [
        51.299956,
        37.599338
    ],
    [
        51.300438,
        37.599144
    ],
    [
        51.300811,
        37.599011
    ],
    [
        51.301207,
        37.598871
    ],
    [
        51.301645,
        37.598707
    ],
    [
        51.301945,
        37.598604
    ],
    [
        51.302343,
        37.59845
    ],
    [
        51.302679,
        37.598326
    ],
    [
        51.303306,
        37.598081
    ],
    [
        51.303409,
        37.598161
    ],
    [
        51.30353,
        37.598009
    ],
    [
        51.304385,
        37.597675
    ],
    [
        51.304475,
        37.598
    ],
    [
        51.304681,
        37.599594
    ],
    [
        51.304821,
        37.600571
    ],
    [
        51.304913,
        37.601212
    ],
    [
        51.304976,
        37.601748
    ],
    [
        51.304916,
        37.60184
    ],
    [
        51.305011,
        37.601944
    ],
    [
        51.305097,
        37.602654
    ],
    [
        51.30468,
        37.602794
    ],
    [
        51.304039,
        37.603026
    ],
    [
        51.303683,
        37.60315
    ],
    [
        51.303169,
        37.603337
    ],
    [
        51.301683,
        37.603843
    ],
    [
        51.300282,
        37.604325
    ],
    [
        51.299736,
        37.600299
    ],
    [
        51.29937,
        37.599824
    ],
    [
        51.298401,
        37.601959
    ],
    [
        51.297759,
        37.603311
    ],
    [
        51.297004,
        37.604893
    ],
    [
        51.296874,
        37.605029
    ],
    [
        51.296707,
        37.605075
    ],
    [
        51.296637,
        37.605045
    ],
    [
        51.296325,
        37.604849
    ],
    [
        51.296137,
        37.604492
    ],
    [
        51.296011,
        37.604163
    ],
    [
        51.296043,
        37.604086
    ],
    [
        51.295929,
        37.603988
    ],
    [
        51.295342,
        37.602235
    ],
    [
        51.29506,
        37.6014
    ],
    [
        51.29434,
        37.599253
    ],
    [
        51.293676,
        37.597347
    ],
    [
        51.293106,
        37.59565
    ],
    [
        51.292455,
        37.59369
    ],
    [
        51.292436,
        37.593434
    ],
    [
        51.292156,
        37.592965
    ],
    [
        51.291857,
        37.592187
    ],
    [
        51.291275,
        37.590387
    ],
    [
        51.290862,
        37.588954
    ],
    [
        51.290551,
        37.588007
    ],
    [
        51.290241,
        37.587274
    ],
    [
        51.290157,
        37.587031
    ],
    [
        51.289412,
        37.585864
    ],
    [
        51.288848,
        37.585239
    ],
    [
        51.288288,
        37.584733
    ],
    [
        51.287627,
        37.584126
    ],
    [
        51.287115,
        37.583598
    ],
    [
        51.286896,
        37.583392
    ],
    [
        51.286597,
        37.582961
    ],
    [
        51.286599,
        37.582827
    ],
    [
        51.286502,
        37.582789
    ],
    [
        51.286369,
        37.582653
    ],
    [
        51.286057,
        37.582006
    ],
    [
        51.285622,
        37.581248
    ],
    [
        51.285237,
        37.580487
    ],
    [
        51.284427,
        37.578985
    ],
    [
        51.284103,
        37.578453
    ],
    [
        51.283693,
        37.57797
    ],
    [
        51.283673,
        37.57791
    ],
    [
        51.283313,
        37.577581
    ],
    [
        51.282969,
        37.577103
    ],
    [
        51.282499,
        37.57643
    ],
    [
        51.281953,
        37.575646
    ],
    [
        51.281354,
        37.574733
    ],
    [
        51.281241,
        37.574542
    ],
    [
        51.280896,
        37.574078
    ],
    [
        51.280483,
        37.573504
    ],
    [
        51.280151,
        37.573046
    ],
    [
        51.27985,
        37.572544
    ],
    [
        51.279597,
        37.572181
    ],
    [
        51.279356,
        37.571815
    ],
    [
        51.279083,
        37.571483
    ],
    [
        51.278881,
        37.571174
    ],
    [
        51.278675,
        37.570868
    ],
    [
        51.278496,
        37.570589
    ],
    [
        51.278332,
        37.570335
    ],
    [
        51.278181,
        37.570061
    ],
    [
        51.278097,
        37.569902
    ],
    [
        51.277889,
        37.569541
    ],
    [
        51.277844,
        37.569208
    ],
    [
        51.277843,
        37.568906
    ],
    [
        51.277851,
        37.568522
    ],
    [
        51.277961,
        37.568106
    ],
    [
        51.278173,
        37.567466
    ],
    [
        51.27829,
        37.567168
    ],
    [
        51.278405,
        37.566982
    ],
    [
        51.278544,
        37.566574
    ],
    [
        51.278595,
        37.566012
    ],
    [
        51.278588,
        37.565695
    ],
    [
        51.27869,
        37.565675
    ],
    [
        51.27861,
        37.565578
    ],
    [
        51.278559,
        37.565214
    ],
    [
        51.278558,
        37.564814
    ],
    [
        51.278636,
        37.564463
    ],
    [
        51.278681,
        37.564289
    ],
    [
        51.278819,
        37.563955
    ],
    [
        51.279086,
        37.563355
    ],
    [
        51.279251,
        37.562943
    ],
    [
        51.279557,
        37.562167
    ],
    [
        51.279699,
        37.561834
    ],
    [
        51.279832,
        37.561376
    ],
    [
        51.279995,
        37.560535
    ],
    [
        51.28017,
        37.559633
    ],
    [
        51.280251,
        37.55922
    ],
    [
        51.280381,
        37.558785
    ],
    [
        51.280598,
        37.558408
    ],
    [
        51.281089,
        37.557699
    ],
    [
        51.281264,
        37.557569
    ],
    [
        51.281768,
        37.557372
    ],
    [
        51.281954,
        37.557269
    ],
    [
        51.282076,
        37.557221
    ],
    [
        51.282243,
        37.557118
    ],
    [
        51.282442,
        37.556893
    ],
    [
        51.282624,
        37.55661
    ],
    [
        51.282741,
        37.556308
    ],
    [
        51.282859,
        37.555873
    ],
    [
        51.283031,
        37.554956
    ],
    [
        51.283186,
        37.554191
    ],
    [
        51.283381,
        37.553134
    ],
    [
        51.283429,
        37.552941
    ],
    [
        51.283554,
        37.552852
    ],
    [
        51.283447,
        37.552746
    ],
    [
        51.28354,
        37.552482
    ],
    [
        51.283556,
        37.552381
    ],
    [
        51.283524,
        37.552192
    ],
    [
        51.283487,
        37.552145
    ],
    [
        51.283461,
        37.55213
    ],
    [
        51.283301,
        37.552082
    ],
    [
        51.282876,
        37.551869
    ],
    [
        51.282679,
        37.551676
    ],
    [
        51.28237,
        37.551353
    ],
    [
        51.282201,
        37.55117
    ],
    [
        51.281933,
        37.550799
    ],
    [
        51.281826,
        37.550643
    ],
    [
        51.281636,
        37.550297
    ],
    [
        51.281419,
        37.549847
    ],
    [
        51.281161,
        37.549284
    ],
    [
        51.280905,
        37.548766
    ],
    [
        51.280705,
        37.54834
    ],
    [
        51.280464,
        37.547821
    ],
    [
        51.280444,
        37.547781
    ],
    [
        51.280743,
        37.547429
    ],
    [
        51.280954,
        37.547152
    ],
    [
        51.281142,
        37.546906
    ],
    [
        51.281305,
        37.546686
    ],
    [
        51.281381,
        37.546721
    ],
    [
        51.281429,
        37.54654
    ],
    [
        51.281671,
        37.546224
    ],
    [
        51.28183,
        37.546015
    ],
    [
        51.281968,
        37.545856
    ],
    [
        51.282303,
        37.545422
    ],
    [
        51.282545,
        37.545113
    ],
    [
        51.282806,
        37.544773
    ],
    [
        51.283159,
        37.544319
    ],
    [
        51.28339,
        37.544017
    ],
    [
        51.283558,
        37.543802
    ],
    [
        51.283732,
        37.543585
    ],
    [
        51.283895,
        37.543381
    ],
    [
        51.28409,
        37.543137
    ],
    [
        51.284278,
        37.54291
    ],
    [
        51.284474,
        37.542662
    ],
    [
        51.284597,
        37.542489
    ],
    [
        51.28466,
        37.542524
    ],
    [
        51.284686,
        37.542373
    ],
    [
        51.284903,
        37.542105
    ],
    [
        51.285092,
        37.541848
    ],
    [
        51.285267,
        37.541644
    ],
    [
        51.285499,
        37.541335
    ],
    [
        51.285711,
        37.541061
    ],
    [
        51.28589,
        37.540837
    ],
    [
        51.286072,
        37.540601
    ],
    [
        51.286244,
        37.540395
    ],
    [
        51.286666,
        37.539861
    ],
    [
        51.286968,
        37.53949
    ],
    [
        51.287174,
        37.539225
    ],
    [
        51.287399,
        37.538943
    ],
    [
        51.28744,
        37.538964
    ],
    [
        51.28747,
        37.538852
    ],
    [
        51.287928,
        37.53828
    ],
    [
        51.288471,
        37.537579
    ],
    [
        51.289225,
        37.536621
    ],
    [
        51.288504,
        37.535109
    ],
    [
        51.288036,
        37.534195
    ],
    [
        51.287797,
        37.533658
    ],
    [
        51.287458,
        37.533032
    ],
    [
        51.287218,
        37.532553
    ],
    [
        51.286954,
        37.532011
    ],
    [
        51.286694,
        37.531469
    ],
    [
        51.286413,
        37.530934
    ],
    [
        51.28619,
        37.530463
    ],
    [
        51.286078,
        37.530223
    ],
    [
        51.286099,
        37.530104
    ],
    [
        51.285963,
        37.530012
    ],
    [
        51.285462,
        37.528996
    ],
    [
        51.285125,
        37.528315
    ],
    [
        51.28465,
        37.527408
    ],
    [
        51.284201,
        37.526526
    ],
    [
        51.283748,
        37.525671
    ],
    [
        51.283544,
        37.52536
    ],
    [
        51.283305,
        37.525
    ],
    [
        51.282897,
        37.524459
    ],
    [
        51.282701,
        37.524153
    ],
    [
        51.282718,
        37.524014
    ],
    [
        51.282605,
        37.524049
    ],
    [
        51.28239,
        37.523763
    ],
    [
        51.282166,
        37.523351
    ],
    [
        51.281909,
        37.522826
    ],
    [
        51.281648,
        37.522326
    ],
    [
        51.281326,
        37.521684
    ],
    [
        51.281013,
        37.52108
    ],
    [
        51.280608,
        37.520239
    ],
    [
        51.280232,
        37.519515
    ],
    [
        51.279853,
        37.518747
    ],
    [
        51.27957,
        37.518202
    ],
    [
        51.279291,
        37.517623
    ],
    [
        51.279088,
        37.516922
    ],
    [
        51.278945,
        37.516228
    ],
    [
        51.278914,
        37.515539
    ],
    [
        51.278903,
        37.514842
    ],
    [
        51.278977,
        37.514881
    ],
    [
        51.278904,
        37.514463
    ],
    [
        51.278876,
        37.513688
    ],
    [
        51.278866,
        37.512156
    ],
    [
        51.27884,
        37.510264
    ],
    [
        51.277783,
        37.510304
    ],
    [
        51.27719,
        37.510318
    ],
    [
        51.277118,
        37.510183
    ],
    [
        51.277046,
        37.510337
    ],
    [
        51.276101,
        37.510357
    ],
    [
        51.275555,
        37.510381
    ],
    [
        51.275091,
        37.510397
    ],
    [
        51.274535,
        37.510413
    ],
    [
        51.273722,
        37.510451
    ],
    [
        51.272858,
        37.510478
    ],
    [
        51.272647,
        37.51041
    ],
    [
        51.272514,
        37.510333
    ],
    [
        51.272408,
        37.510366
    ],
    [
        51.272357,
        37.5105
    ],
    [
        51.27236,
        37.510682
    ],
    [
        51.2724,
        37.510757
    ],
    [
        51.272456,
        37.510826
    ],
    [
        51.272523,
        37.510953
    ],
    [
        51.272557,
        37.511144
    ],
    [
        51.272562,
        37.511438
    ],
    [
        51.272507,
        37.511907
    ],
    [
        51.272596,
        37.5121
    ],
    [
        51.272739,
        37.512786
    ],
    [
        51.272859,
        37.513203
    ],
    [
        51.273051,
        37.513587
    ],
    [
        51.273291,
        37.513971
    ],
    [
        51.273565,
        37.514323
    ],
    [
        51.27402,
        37.514817
    ],
    [
        51.274519,
        37.515311
    ],
    [
        51.274996,
        37.515803
    ],
    [
        51.27517,
        37.516013
    ],
    [
        51.27532,
        37.516505
    ],
    [
        51.275464,
        37.516733
    ],
    [
        51.275805,
        37.517106
    ],
    [
        51.27618,
        37.517459
    ],
    [
        51.27665,
        37.517919
    ],
    [
        51.276841,
        37.518138
    ],
    [
        51.276909,
        37.518249
    ],
    [
        51.277091,
        37.518298
    ],
    [
        51.277298,
        37.51822
    ],
    [
        51.277433,
        37.518145
    ],
    [
        51.277645,
        37.517937
    ],
    [
        51.277925,
        37.517618
    ],
    [
        51.278078,
        37.517454
    ],
    [
        51.278179,
        37.517515
    ],
    [
        51.278195,
        37.517338
    ],
    [
        51.278354,
        37.517147
    ],
    [
        51.278629,
        37.516872
    ],
    [
        51.278822,
        37.516949
    ],
    [
        51.279071,
        37.517342
    ],
    [
        51.279438,
        37.517951
    ],
    [
        51.278992,
        37.519047
    ],
    [
        51.278122,
        37.521151
    ],
    [
        51.277491,
        37.522685
    ],
    [
        51.2769,
        37.524083
    ],
    [
        51.276537,
        37.524938
    ],
    [
        51.276119,
        37.526081
    ],
    [
        51.27551,
        37.527569
    ],
    [
        51.274847,
        37.529126
    ],
    [
        51.274327,
        37.530282
    ],
    [
        51.274212,
        37.530152
    ],
    [
        51.273675,
        37.529041
    ],
    [
        51.273163,
        37.527992
    ],
    [
        51.272978,
        37.527603
    ],
    [
        51.273112,
        37.527329
    ],
    [
        51.273191,
        37.527342
    ],
    [
        51.273201,
        37.527078
    ],
    [
        51.273667,
        37.526054
    ],
    [
        51.274081,
        37.524999
    ],
    [
        51.2746,
        37.523727
    ],
    [
        51.275179,
        37.522276
    ],
    [
        51.275259,
        37.522245
    ],
    [
        51.243246,
        37.794662
    ],
    [
        51.243437,
        37.793617
    ],
    [
        51.243331,
        37.793234
    ],
    [
        51.243308,
        37.792892
    ],
    [
        51.243677,
        37.790864
    ],
    [
        51.244001,
        37.789146
    ],
    [
        51.242913,
        37.78865
    ],
    [
        51.243123,
        37.787341
    ],
    [
        51.243761,
        37.783952
    ],
    [
        51.243331,
        37.784086
    ],
    [
        51.243211,
        37.78495
    ],
    [
        51.243541,
        37.785116
    ],
    [
        51.243917,
        37.783098
    ],
    [
        51.24426,
        37.781296
    ],
    [
        51.244432,
        37.780737
    ],
    [
        51.24462,
        37.78038
    ],
    [
        51.244792,
        37.780168
    ],
    [
        51.246,
        37.779082
    ],
    [
        51.246311,
        37.778988
    ],
    [
        51.24656,
        37.779025
    ],
    [
        51.248906,
        37.780053
    ],
    [
        51.249311,
        37.780073
    ],
    [
        51.249839,
        37.779923
    ],
    [
        51.250187,
        37.779611
    ],
    [
        51.250345,
        37.779399
    ],
    [
        51.252482,
        37.776655
    ],
    [
        51.252861,
        37.776479
    ],
    [
        51.253401,
        37.77224
    ],
    [
        51.253488,
        37.770957
    ],
    [
        51.253438,
        37.769099
    ],
    [
        51.253257,
        37.768748
    ],
    [
        51.252605,
        37.768808
    ],
    [
        51.25208,
        37.768606
    ],
    [
        51.250889,
        37.767516
    ],
    [
        51.248816,
        37.768167
    ],
    [
        51.248486,
        37.768048
    ],
    [
        51.247621,
        37.766486
    ],
    [
        51.247082,
        37.765952
    ],
    [
        51.246748,
        37.765362
    ],
    [
        51.245908,
        37.762224
    ],
    [
        51.245361,
        37.759606
    ],
    [
        51.244784,
        37.757014
    ],
    [
        51.244575,
        37.756678
    ],
    [
        51.244319,
        37.75661
    ],
    [
        51.243234,
        37.757278
    ],
    [
        51.243047,
        37.757438
    ],
    [
        51.242931,
        37.757738
    ],
    [
        51.242897,
        37.758073
    ],
    [
        51.242991,
        37.758584
    ],
    [
        51.243313,
        37.759861
    ],
    [
        51.243472,
        37.760484
    ],
    [
        51.243719,
        37.761479
    ],
    [
        51.243804,
        37.762733
    ],
    [
        51.243871,
        37.76397
    ],
    [
        51.243773,
        37.762097
    ],
    [
        51.243722,
        37.761477
    ],
    [
        51.243316,
        37.759856
    ],
    [
        51.242994,
        37.758581
    ],
    [
        51.242901,
        37.758083
    ],
    [
        51.242933,
        37.757738
    ],
    [
        51.243052,
        37.757443
    ],
    [
        51.243269,
        37.757259
    ],
    [
        51.243792,
        37.756938
    ],
    [
        51.244324,
        37.756632
    ],
    [
        51.24457,
        37.756681
    ],
    [
        51.244785,
        37.757016
    ],
    [
        51.244793,
        37.756952
    ],
    [
        51.244778,
        37.756589
    ],
    [
        51.244863,
        37.756258
    ],
    [
        51.245409,
        37.755147
    ],
    [
        51.245902,
        37.7541
    ],
    [
        51.246512,
        37.752798
    ],
    [
        51.246758,
        37.752449
    ],
    [
        51.247131,
        37.752835
    ],
    [
        51.247615,
        37.753263
    ],
    [
        51.24794,
        37.753561
    ],
    [
        51.248234,
        37.75376
    ],
    [
        51.248834,
        37.754063
    ],
    [
        51.249335,
        37.754314
    ],
    [
        51.249771,
        37.75454
    ],
    [
        51.250304,
        37.754835
    ],
    [
        51.251274,
        37.755304
    ],
    [
        51.251749,
        37.755486
    ],
    [
        51.252208,
        37.755611
    ],
    [
        51.252708,
        37.755638
    ],
    [
        51.252951,
        37.755648
    ],
    [
        51.253485,
        37.755544
    ],
    [
        51.253761,
        37.755493
    ],
    [
        51.254412,
        37.755097
    ],
    [
        51.25492,
        37.754785
    ],
    [
        51.255373,
        37.754514
    ],
    [
        51.256431,
        37.753865
    ],
    [
        51.25789,
        37.75293
    ],
    [
        51.257919,
        37.751939
    ],
    [
        51.258194,
        37.751913
    ],
    [
        51.258255,
        37.752736
    ],
    [
        51.25846,
        37.75385
    ],
    [
        51.261725,
        37.755178
    ],
    [
        51.263584,
        37.755962
    ],
    [
        51.264814,
        37.756495
    ],
    [
        51.265105,
        37.756822
    ],
    [
        51.265205,
        37.757727
    ],
    [
        51.265217,
        37.757865
    ],
    [
        51.265303,
        37.758116
    ],
    [
        51.265518,
        37.758315
    ],
    [
        51.265963,
        37.758406
    ],
    [
        51.266637,
        37.758127
    ],
    [
        51.268217,
        37.757672
    ],
    [
        51.28158,
        37.754747
    ],
    [
        51.281325,
        37.753013
    ],
    [
        51.280956,
        37.750489
    ],
    [
        51.280887,
        37.749608
    ],
    [
        51.280896,
        37.748403
    ],
    [
        51.28097,
        37.746838
    ],
    [
        51.280975,
        37.745547
    ],
    [
        51.280867,
        37.743341
    ],
    [
        51.280624,
        37.739264
    ],
    [
        51.280371,
        37.736636
    ],
    [
        51.280317,
        37.735548
    ],
    [
        51.280238,
        37.7351
    ],
    [
        51.280115,
        37.734737
    ],
    [
        51.279878,
        37.734383
    ],
    [
        51.279568,
        37.734084
    ],
    [
        51.27909,
        37.73349
    ],
    [
        51.278415,
        37.732742
    ],
    [
        51.278152,
        37.7323
    ],
    [
        51.277994,
        37.731828
    ],
    [
        51.277911,
        37.730836
    ],
    [
        51.277802,
        37.7283
    ],
    [
        51.277631,
        37.725962
    ],
    [
        51.277777,
        37.72819
    ],
    [
        51.277882,
        37.730177
    ],
    [
        51.277994,
        37.731697
    ],
    [
        51.278104,
        37.732192
    ],
    [
        51.278345,
        37.73266
    ],
    [
        51.279097,
        37.733516
    ],
    [
        51.279615,
        37.734133
    ],
    [
        51.280039,
        37.734588
    ],
    [
        51.280155,
        37.734778
    ],
    [
        51.280292,
        37.735355
    ],
    [
        51.280358,
        37.735968
    ],
    [
        51.280397,
        37.73682
    ],
    [
        51.280526,
        37.738161
    ],
    [
        51.280611,
        37.739331
    ],
    [
        51.280713,
        37.740872
    ],
    [
        51.280792,
        37.742239
    ],
    [
        51.280945,
        37.744479
    ],
    [
        51.280962,
        37.74553
    ],
    [
        51.280976,
        37.746793
    ],
    [
        51.280939,
        37.747582
    ],
    [
        51.2809,
        37.748551
    ],
    [
        51.280889,
        37.749684
    ],
    [
        51.280945,
        37.750427
    ],
    [
        51.281182,
        37.751896
    ],
    [
        51.281427,
        37.753719
    ],
    [
        51.282027,
        37.759393
    ],
    [
        51.282192,
        37.762685
    ],
    [
        51.282524,
        37.767932
    ],
    [
        51.28278,
        37.771417
    ],
    [
        51.283259,
        37.776201
    ],
    [
        51.28385,
        37.781706
    ],
    [
        51.284436,
        37.786979
    ],
    [
        51.284429,
        37.787642
    ],
    [
        51.28429,
        37.787854
    ],
    [
        51.28429,
        37.788112
    ],
    [
        51.284356,
        37.788289
    ],
    [
        51.284482,
        37.788447
    ],
    [
        51.284624,
        37.78845
    ],
    [
        51.284738,
        37.78835
    ],
    [
        51.284808,
        37.788236
    ],
    [
        51.285294,
        37.788155
    ],
    [
        51.285739,
        37.78819
    ],
    [
        51.286555,
        37.788039
    ],
    [
        51.286907,
        37.787881
    ],
    [
        51.287657,
        37.787317
    ],
    [
        51.288487,
        37.786242
    ],
    [
        51.289651,
        37.784525
    ],
    [
        51.291044,
        37.782507
    ],
    [
        51.292528,
        37.780315
    ],
    [
        51.294184,
        37.777863
    ],
    [
        51.300292,
        37.769548
    ],
    [
        51.30099,
        37.768862
    ],
    [
        51.301363,
        37.76868
    ],
    [
        51.30164,
        37.768425
    ],
    [
        51.301781,
        37.768015
    ],
    [
        51.30207,
        37.767449
    ],
    [
        51.302886,
        37.766401
    ],
    [
        51.304744,
        37.763834
    ],
    [
        51.306243,
        37.761668
    ],
    [
        51.307643,
        37.759611
    ],
    [
        51.308946,
        37.757743
    ],
    [
        51.310627,
        37.755282
    ],
    [
        51.312699,
        37.752234
    ],
    [
        51.314394,
        37.749798
    ],
    [
        51.316742,
        37.74691
    ],
    [
        51.319006,
        37.744622
    ],
    [
        51.321661,
        37.742542
    ],
    [
        51.323927,
        37.741211
    ],
    [
        51.325222,
        37.740631
    ],
    [
        51.325671,
        37.740472
    ],
    [
        51.327098,
        37.740237
    ],
    [
        51.327859,
        37.740273
    ],
    [
        51.328295,
        37.74075
    ],
    [
        51.328413,
        37.741067
    ],
    [
        51.328474,
        37.741493
    ],
    [
        51.328468,
        37.74179
    ],
    [
        51.328324,
        37.742303
    ],
    [
        51.3281,
        37.742584
    ],
    [
        51.327811,
        37.742697
    ],
    [
        51.327514,
        37.742646
    ],
    [
        51.327312,
        37.742482
    ],
    [
        51.327149,
        37.74218
    ],
    [
        51.327052,
        37.741846
    ],
    [
        51.326896,
        37.741431
    ],
    [
        51.326662,
        37.740504
    ],
    [
        51.326227,
        37.738705
    ],
    [
        51.325861,
        37.736528
    ],
    [
        51.32556,
        37.733267
    ],
    [
        51.325252,
        37.730007
    ],
    [
        51.324999,
        37.727015
    ],
    [
        51.324686,
        37.72359
    ],
    [
        51.324436,
        37.720676
    ],
    [
        51.324107,
        37.717047
    ],
    [
        51.323787,
        37.713598
    ],
    [
        51.323498,
        37.710369
    ],
    [
        51.323026,
        37.705785
    ],
    [
        51.322626,
        37.70171
    ],
    [
        51.322392,
        37.699096
    ],
    [
        51.321849,
        37.692985
    ],
    [
        51.321099,
        37.684501
    ],
    [
        51.320475,
        37.677368
    ],
    [
        51.319679,
        37.668477
    ],
    [
        51.319489,
        37.665927
    ],
    [
        51.319206,
        37.662508
    ],
    [
        51.318907,
        37.656415
    ],
    [
        51.318692,
        37.653393
    ],
    [
        51.318492,
        37.651195
    ],
    [
        51.317773,
        37.646238
    ],
    [
        51.317313,
        37.643167
    ],
    [
        51.316901,
        37.641132
    ],
    [
        51.315925,
        37.637016
    ],
    [
        51.314876,
        37.632864
    ],
    [
        51.314134,
        37.630496
    ],
    [
        51.313053,
        37.627705
    ],
    [
        51.311767,
        37.624971
    ],
    [
        51.310115,
        37.621613
    ],
    [
        51.308104,
        37.61835
    ],
    [
        51.306181,
        37.615329
    ],
    [
        51.304126,
        37.612237
    ],
    [
        51.30287,
        37.61066
    ],
    [
        51.302446,
        37.610249
    ],
    [
        51.302482,
        37.610084
    ],
    [
        51.302304,
        37.610084
    ],
    [
        51.301899,
        37.609683
    ],
    [
        51.300965,
        37.608786
    ],
    [
        51.299875,
        37.607863
    ],
    [
        51.298752,
        37.607007
    ],
    [
        51.298334,
        37.606588
    ],
    [
        51.297426,
        37.60591
    ],
    [
        51.296924,
        37.605526
    ],
    [
        51.296891,
        37.60525
    ],
    [
        51.297136,
        37.604701
    ],
    [
        51.297602,
        37.603653
    ],
    [
        51.297699,
        37.603456
    ],
    [
        51.297777,
        37.603443
    ],
    [
        51.297799,
        37.60325
    ],
    [
        51.298168,
        37.602468
    ],
    [
        51.298429,
        37.601878
    ],
    [
        51.298878,
        37.600894
    ],
    [
        51.299268,
        37.60005
    ],
    [
        51.299537,
        37.599484
    ],
    [
        51.300105,
        37.599285
    ],
    [
        51.300149,
        37.599346
    ],
    [
        51.300249,
        37.599213
    ],
    [
        51.300819,
        37.599016
    ],
    [
        51.301405,
        37.598794
    ],
    [
        51.3018,
        37.598644
    ],
    [
        51.3024,
        37.598432
    ],
    [
        51.302908,
        37.598236
    ],
    [
        51.303357,
        37.598074
    ],
    [
        51.303405,
        37.598168
    ],
    [
        51.303474,
        37.598024
    ],
    [
        51.303915,
        37.597877
    ],
    [
        51.3042,
        37.597759
    ],
    [
        51.304391,
        37.597697
    ],
    [
        51.304476,
        37.59801
    ],
    [
        51.304745,
        37.599979
    ],
    [
        51.304935,
        37.60141
    ],
    [
        51.304974,
        37.60177
    ],
    [
        51.304918,
        37.601898
    ],
    [
        51.305025,
        37.602181
    ],
    [
        51.305099,
        37.602673
    ],
    [
        51.304439,
        37.602866
    ],
    [
        51.303813,
        37.603094
    ],
    [
        51.303119,
        37.603338
    ],
    [
        51.302475,
        37.603551
    ],
    [
        51.301779,
        37.603807
    ],
    [
        51.300968,
        37.604082
    ],
    [
        51.300288,
        37.604317
    ],
    [
        51.300153,
        37.603331
    ],
    [
        51.299777,
        37.600605
    ],
    [
        51.299733,
        37.600304
    ],
    [
        51.299654,
        37.600204
    ],
    [
        51.299467,
        37.599952
    ],
    [
        51.299388,
        37.599847
    ],
    [
        51.299354,
        37.599842
    ],
    [
        51.299063,
        37.600453
    ],
    [
        51.297607,
        37.603619
    ],
    [
        51.297002,
        37.604896
    ],
    [
        51.296837,
        37.60504
    ],
    [
        51.296683,
        37.605059
    ],
    [
        51.296546,
        37.604997
    ],
    [
        51.2963,
        37.60484
    ],
    [
        51.296054,
        37.604322
    ],
    [
        51.296018,
        37.604079
    ],
    [
        51.295922,
        37.603979
    ],
    [
        51.295674,
        37.603189
    ],
    [
        51.293177,
        37.595958
    ],
    [
        51.292826,
        37.594768
    ],
    [
        51.292414,
        37.593592
    ],
    [
        51.292421,
        37.593449
    ],
    [
        51.292299,
        37.593312
    ],
    [
        51.292012,
        37.592564
    ],
    [
        51.291846,
        37.592099
    ],
    [
        51.291507,
        37.591083
    ],
    [
        51.291166,
        37.589959
    ],
    [
        51.290744,
        37.58857
    ],
    [
        51.290434,
        37.58768
    ],
    [
        51.29013,
        37.587004
    ],
    [
        51.289658,
        37.586217
    ],
    [
        51.289307,
        37.585716
    ],
    [
        51.288908,
        37.585332
    ],
    [
        51.288378,
        37.584833
    ],
    [
        51.287592,
        37.584077
    ],
    [
        51.287081,
        37.583596
    ],
    [
        51.286704,
        37.583133
    ],
    [
        51.28659,
        37.582951
    ],
    [
        51.286601,
        37.58281
    ],
    [
        51.286485,
        37.582807
    ],
    [
        51.286333,
        37.582564
    ],
    [
        51.285958,
        37.58184
    ],
    [
        51.285512,
        37.58101
    ],
    [
        51.284851,
        37.579786
    ],
    [
        51.284421,
        37.578978
    ],
    [
        51.284068,
        37.578418
    ],
    [
        51.283704,
        37.577984
    ],
    [
        51.283666,
        37.577887
    ],
    [
        51.283532,
        37.577822
    ],
    [
        51.283247,
        37.577504
    ],
    [
        51.283078,
        37.577272
    ],
    [
        51.282744,
        37.576806
    ],
    [
        51.282369,
        37.576247
    ],
    [
        51.281871,
        37.575513
    ],
    [
        51.281529,
        37.575006
    ],
    [
        51.281229,
        37.574547
    ],
    [
        51.281232,
        37.574459
    ],
    [
        51.281056,
        37.574313
    ],
    [
        51.280439,
        37.573429
    ],
    [
        51.28018,
        37.573059
    ],
    [
        51.280196,
        37.57291
    ],
    [
        51.280069,
        37.572886
    ],
    [
        51.279566,
        37.572181
    ],
    [
        51.278934,
        37.571273
    ],
    [
        51.278312,
        37.570335
    ],
    [
        51.277915,
        37.569596
    ],
    [
        51.277846,
        37.569294
    ],
    [
        51.277813,
        37.56897
    ],
    [
        51.277843,
        37.568654
    ],
    [
        51.277904,
        37.568306
    ],
    [
        51.277988,
        37.568004
    ],
    [
        51.278261,
        37.567225
    ],
    [
        51.278375,
        37.567037
    ],
    [
        51.278512,
        37.566679
    ],
    [
        51.278573,
        37.566341
    ],
    [
        51.278585,
        37.565976
    ],
    [
        51.278576,
        37.565791
    ],
    [
        51.278669,
        37.565703
    ],
    [
        51.27862,
        37.565569
    ],
    [
        51.278596,
        37.565327
    ],
    [
        51.278538,
        37.565188
    ],
    [
        51.278561,
        37.564906
    ],
    [
        51.278581,
        37.564687
    ],
    [
        51.2787,
        37.564216
    ],
    [
        51.279113,
        37.563272
    ],
    [
        51.279725,
        37.56183
    ],
    [
        51.279946,
        37.560878
    ],
    [
        51.280202,
        37.559427
    ],
    [
        51.280384,
        37.558753
    ],
    [
        51.281119,
        37.557659
    ],
    [
        51.281607,
        37.557422
    ],
    [
        51.282002,
        37.557278
    ],
    [
        51.282191,
        37.557161
    ],
    [
        51.2824,
        37.556955
    ],
    [
        51.282544,
        37.556748
    ],
    [
        51.282697,
        37.556429
    ],
    [
        51.282806,
        37.556171
    ],
    [
        51.282873,
        37.555855
    ],
    [
        51.282965,
        37.555376
    ],
    [
        51.283163,
        37.55434
    ],
    [
        51.283346,
        37.553386
    ],
    [
        51.283457,
        37.552808
    ],
    [
        51.283551,
        37.552833
    ],
    [
        51.283498,
        37.552655
    ],
    [
        51.283559,
        37.55237
    ],
    [
        51.283516,
        37.552171
    ],
    [
        51.28341,
        37.552093
    ],
    [
        51.283054,
        37.551976
    ],
    [
        51.282641,
        37.551673
    ],
    [
        51.282167,
        37.551141
    ],
    [
        51.281698,
        37.550466
    ],
    [
        51.281389,
        37.549794
    ],
    [
        51.281028,
        37.549042
    ],
    [
        51.280459,
        37.54783
    ],
    [
        51.280482,
        37.547728
    ],
    [
        51.280852,
        37.547272
    ],
    [
        51.281333,
        37.546658
    ],
    [
        51.281385,
        37.546697
    ],
    [
        51.281419,
        37.546541
    ],
    [
        51.282047,
        37.545738
    ],
    [
        51.282862,
        37.544696
    ],
    [
        51.283414,
        37.544004
    ],
    [
        51.283965,
        37.543293
    ],
    [
        51.284299,
        37.542876
    ],
    [
        51.284605,
        37.542476
    ],
    [
        51.284659,
        37.54251
    ],
    [
        51.284781,
        37.542264
    ],
    [
        51.285277,
        37.541631
    ],
    [
        51.285606,
        37.541197
    ],
    [
        51.286028,
        37.540674
    ],
    [
        51.286419,
        37.540162
    ],
    [
        51.287183,
        37.539221
    ],
    [
        51.287402,
        37.538933
    ],
    [
        51.287442,
        37.538963
    ],
    [
        51.287455,
        37.538867
    ],
    [
        51.289228,
        37.536624
    ],
    [
        51.288807,
        37.53575
    ],
    [
        51.288354,
        37.534809
    ],
    [
        51.28795,
        37.534007
    ],
    [
        51.287471,
        37.533041
    ],
    [
        51.287111,
        37.532325
    ],
    [
        51.286664,
        37.531418
    ],
    [
        51.286271,
        37.530635
    ],
    [
        51.286064,
        37.530227
    ],
    [
        51.28611,
        37.530113
    ],
    [
        51.28595,
        37.529986
    ],
    [
        51.285657,
        37.529411
    ],
    [
        51.285277,
        37.528634
    ],
    [
        51.284971,
        37.528045
    ],
    [
        51.284616,
        37.527313
    ],
    [
        51.284287,
        37.526668
    ],
    [
        51.284024,
        37.52617
    ],
    [
        51.2837,
        37.525569
    ],
    [
        51.283384,
        37.525111
    ],
    [
        51.283008,
        37.524584
    ],
    [
        51.282691,
        37.524145
    ],
    [
        51.282697,
        37.524027
    ],
    [
        51.282603,
        37.524035
    ],
    [
        51.2824,
        37.52376
    ],
    [
        51.28213,
        37.523303
    ],
    [
        51.281783,
        37.52259
    ],
    [
        51.281452,
        37.521916
    ],
    [
        51.281182,
        37.52141
    ],
    [
        51.280761,
        37.520558
    ],
    [
        51.28043,
        37.519885
    ],
    [
        51.280039,
        37.519102
    ],
    [
        51.27968,
        37.518392
    ],
    [
        51.279384,
        37.517819
    ],
    [
        51.279157,
        37.517188
    ],
    [
        51.278939,
        37.51623
    ],
    [
        51.278923,
        37.514908
    ],
    [
        51.27896,
        37.51488
    ],
    [
        51.278917,
        37.514702
    ],
    [
        51.278839,
        37.51027
    ],
    [
        51.277339,
        37.510311
    ],
    [
        51.277147,
        37.510304
    ],
    [
        51.277143,
        37.510204
    ],
    [
        51.276864,
        37.510333
    ],
    [
        51.275797,
        37.51035
    ],
    [
        51.275162,
        37.510377
    ],
    [
        51.274192,
        37.510418
    ],
    [
        51.273453,
        37.510433
    ],
    [
        51.272815,
        37.510453
    ],
    [
        51.272706,
        37.51043
    ],
    [
        51.272524,
        37.510339
    ],
    [
        51.272406,
        37.510368
    ],
    [
        51.272362,
        37.510497
    ],
    [
        51.27236,
        37.51063
    ],
    [
        51.272397,
        37.510747
    ],
    [
        51.272465,
        37.51085
    ],
    [
        51.272526,
        37.510968
    ],
    [
        51.272546,
        37.511109
    ],
    [
        51.272562,
        37.51145
    ],
    [
        51.272575,
        37.511815
    ],
    [
        51.272522,
        37.511892
    ],
    [
        51.272612,
        37.512168
    ],
    [
        51.272796,
        37.513045
    ],
    [
        51.27301,
        37.513548
    ],
    [
        51.273322,
        37.514036
    ],
    [
        51.273884,
        37.51469
    ],
    [
        51.274336,
        37.515116
    ],
    [
        51.275014,
        37.51581
    ],
    [
        51.275186,
        37.516062
    ],
    [
        51.275304,
        37.516449
    ],
    [
        51.275479,
        37.51678
    ],
    [
        51.275879,
        37.517145
    ],
    [
        51.276724,
        37.517995
    ],
    [
        51.276938,
        37.518264
    ],
    [
        51.277097,
        37.518295
    ],
    [
        51.277492,
        37.518089
    ],
    [
        51.278096,
        37.517445
    ],
    [
        51.278177,
        37.517524
    ],
    [
        51.278256,
        37.517262
    ],
    [
        51.278609,
        37.516892
    ],
    [
        51.278799,
        37.516948
    ],
    [
        51.278947,
        37.517112
    ],
    [
        51.279159,
        37.517494
    ],
    [
        51.279439,
        37.51797
    ],
    [
        51.278369,
        37.520582
    ],
    [
        51.277785,
        37.521982
    ],
    [
        51.276994,
        37.523871
    ],
    [
        51.276512,
        37.52499
    ],
    [
        51.276072,
        37.526182
    ],
    [
        51.275401,
        37.527837
    ],
    [
        51.274936,
        37.528944
    ],
    [
        51.274328,
        37.5303
    ],
    [
        51.273877,
        37.529486
    ],
    [
        51.272983,
        37.527583
    ],
    [
        51.27311,
        37.527308
    ],
    [
        51.273177,
        37.527351
    ],
    [
        51.273185,
        37.527155
    ],
    [
        51.273718,
        37.525914
    ],
    [
        51.27412,
        37.524933
    ],
    [
        51.274357,
        37.524346
    ],
    [
        51.274609,
        37.523731
    ],
    [
        51.274953,
        37.522846
    ],
    [
        51.275181,
        37.522285
    ],
    [
        51.275259,
        37.522248
    ]
]