[
    [
        51.277637,
        37.726581
    ],
    [
        51.277803,
        37.728399
    ],
    [
        51.27788,
        37.730035
    ],
    [
        51.277942,
        37.731149
    ],
    [
        51.278019,
        37.731899
    ],
    [
        51.278188,
        37.732388
    ],
    [
        51.278414,
        37.732744
    ],
    [
        51.279508,
        37.734016
    ],
    [
        51.279951,
        37.734478
    ],
    [
        51.280131,
        37.734751
    ],
    [
        51.280228,
        37.735053
    ],
    [
        51.280297,
        37.735412
    ],
    [
        51.280337,
        37.735767
    ],
    [
        51.280402,
        37.736948
    ],
    [
        51.280542,
        37.7383
    ],
    [
        51.280589,
        37.738867
    ],
    [
        51.280514,
        37.739005
    ],
    [
        51.280618,
        37.739122
    ],
    [
        51.280649,
        37.739876
    ],
    [
        51.280717,
        37.741138
    ],
    [
        51.280839,
        37.742874
    ],
    [
        51.28089,
        37.743543
    ],
    [
        51.280931,
        37.744598
    ],
    [
        51.28099,
        37.746113
    ],
    [
        51.280931,
        37.748101
    ],
    [
        51.280892,
        37.748732
    ],
    [
        51.280885,
        37.749707
    ],
    [
        51.280951,
        37.750425
    ],
    [
        51.281212,
        37.752095
    ],
    [
        51.281398,
        37.753522
    ],
    [
        51.281806,
        37.757194
    ],
    [
        51.281985,
        37.759127
    ],
    [
        51.282117,
        37.761298
    ],
    [
        51.282166,
        37.762905
    ],
    [
        51.282325,
        37.765032
    ],
    [
        51.282506,
        37.76785
    ],
    [
        51.282661,
        37.769971
    ],
    [
        51.282832,
        37.771803
    ],
    [
        51.283017,
        37.773682
    ],
    [
        51.283326,
        37.776907
    ],
    [
        51.283665,
        37.779907
    ],
    [
        51.283938,
        37.782477
    ],
    [
        51.284228,
        37.785149
    ],
    [
        51.284426,
        37.787011
    ],
    [
        51.284429,
        37.787619
    ],
    [
        51.284302,
        37.787876
    ],
    [
        51.284312,
        37.788182
    ],
    [
        51.284436,
        37.788409
    ],
    [
        51.28456,
        37.78863
    ],
    [
        51.284654,
        37.789019
    ],
    [
        51.284805,
        37.789903
    ],
    [
        51.28502,
        37.791776
    ],
    [
        51.285117,
        37.792615
    ],
    [
        51.285142,
        37.792824
    ],
    [
        51.285092,
        37.792981
    ],
    [
        51.285173,
        37.793032
    ],
    [
        51.285218,
        37.793445
    ],
    [
        51.285296,
        37.794323
    ],
    [
        51.285462,
        37.795745
    ],
    [
        51.285614,
        37.796945
    ],
    [
        51.285751,
        37.798193
    ],
    [
        51.285884,
        37.799325
    ],
    [
        51.285979,
        37.800121
    ],
    [
        51.286147,
        37.801578
    ],
    [
        51.286195,
        37.801977
    ],
    [
        51.286176,
        37.802046
    ],
    [
        51.286228,
        37.802217
    ],
    [
        51.286299,
        37.802801
    ],
    [
        51.286374,
        37.803467
    ],
    [
        51.286457,
        37.804194
    ],
    [
        51.28654,
        37.804853
    ],
    [
        51.286618,
        37.805438
    ],
    [
        51.286682,
        37.806023
    ],
    [
        51.286761,
        37.806696
    ],
    [
        51.286823,
        37.807226
    ],
    [
        51.286888,
        37.807704
    ],
    [
        51.286958,
        37.808252
    ],
    [
        51.286939,
        37.808485
    ],
    [
        51.286997,
        37.80861
    ],
    [
        51.287072,
        37.80922
    ],
    [
        51.287115,
        37.809754
    ],
    [
        51.287234,
        37.810606
    ],
    [
        51.287348,
        37.81165
    ],
    [
        51.287396,
        37.812141
    ],
    [
        51.287434,
        37.812465
    ],
    [
        51.287396,
        37.81253
    ],
    [
        51.287463,
        37.812658
    ],
    [
        51.287541,
        37.813303
    ],
    [
        51.287614,
        37.813901
    ],
    [
        51.287683,
        37.814503
    ],
    [
        51.28775,
        37.815058
    ],
    [
        51.287818,
        37.815752
    ],
    [
        51.287847,
        37.816164
    ],
    [
        51.287851,
        37.816689
    ],
    [
        51.287825,
        37.817152
    ],
    [
        51.28776,
        37.81769
    ],
    [
        51.287674,
        37.818172
    ],
    [
        51.287575,
        37.818725
    ],
    [
        51.28746,
        37.819331
    ],
    [
        51.28736,
        37.819499
    ],
    [
        51.287416,
        37.819625
    ],
    [
        51.287339,
        37.81989
    ],
    [
        51.28711,
        37.82047
    ],
    [
        51.286947,
        37.820837
    ],
    [
        51.286777,
        37.820718
    ],
    [
        51.286416,
        37.820255
    ],
    [
        51.286402,
        37.820189
    ],
    [
        51.286348,
        37.820169
    ],
    [
        51.285954,
        37.819696
    ],
    [
        51.285648,
        37.819289
    ],
    [
        51.285381,
        37.818948
    ],
    [
        51.285171,
        37.8187
    ],
    [
        51.284985,
        37.818465
    ],
    [
        51.284709,
        37.818113
    ],
    [
        51.284508,
        37.817866
    ],
    [
        51.284295,
        37.817588
    ],
    [
        51.284066,
        37.817318
    ],
    [
        51.28382,
        37.816996
    ],
    [
        51.283656,
        37.816791
    ],
    [
        51.283306,
        37.816369
    ],
    [
        51.283012,
        37.815999
    ],
    [
        51.282719,
        37.815633
    ],
    [
        51.282457,
        37.815297
    ],
    [
        51.282265,
        37.815061
    ],
    [
        51.282185,
        37.814964
    ],
    [
        51.28217,
        37.814907
    ],
    [
        51.282086,
        37.814837
    ],
    [
        51.28171,
        37.814388
    ],
    [
        51.281425,
        37.814022
    ],
    [
        51.281096,
        37.813623
    ],
    [
        51.280852,
        37.81333
    ],
    [
        51.280578,
        37.812967
    ],
    [
        51.280324,
        37.812638
    ],
    [
        51.280158,
        37.81243
    ],
    [
        51.279942,
        37.81215
    ],
    [
        51.279729,
        37.811878
    ],
    [
        51.279727,
        37.811826
    ],
    [
        51.279673,
        37.811802
    ],
    [
        51.279406,
        37.811485
    ],
    [
        51.279223,
        37.811304
    ],
    [
        51.279096,
        37.811252
    ],
    [
        51.278919,
        37.81102
    ],
    [
        51.278766,
        37.810907
    ],
    [
        51.278661,
        37.810975
    ],
    [
        51.27862,
        37.811065
    ],
    [
        51.278518,
        37.811107
    ],
    [
        51.278221,
        37.810964
    ],
    [
        51.277755,
        37.810618
    ],
    [
        51.277196,
        37.810278
    ],
    [
        51.276788,
        37.810001
    ],
    [
        51.276355,
        37.809721
    ],
    [
        51.27595,
        37.809454
    ],
    [
        51.275315,
        37.809022
    ],
    [
        51.274656,
        37.808595
    ],
    [
        51.274223,
        37.808309
    ],
    [
        51.273768,
        37.80799
    ],
    [
        51.27333,
        37.807732
    ],
    [
        51.272957,
        37.807481
    ],
    [
        51.272614,
        37.807237
    ],
    [
        51.27247,
        37.807118
    ],
    [
        51.272196,
        37.806708
    ],
    [
        51.272057,
        37.806324
    ],
    [
        51.272037,
        37.806133
    ],
    [
        51.271925,
        37.805964
    ],
    [
        51.271816,
        37.80594
    ],
    [
        51.271718,
        37.80594
    ],
    [
        51.271672,
        37.805881
    ],
    [
        51.271367,
        37.805523
    ],
    [
        51.271013,
        37.804814
    ],
    [
        51.270489,
        37.803827
    ],
    [
        51.269921,
        37.802779
    ],
    [
        51.269222,
        37.801504
    ],
    [
        51.267391,
        37.798189
    ],
    [
        51.266274,
        37.796093
    ],
    [
        51.26445,
        37.793993
    ],
    [
        51.262673,
        37.791979
    ],
    [
        51.261738,
        37.790939
    ],
    [
        51.259888,
        37.788914
    ],
    [
        51.259219,
        37.788156
    ],
    [
        51.258647,
        37.787483
    ],
    [
        51.257968,
        37.786423
    ],
    [
        51.257072,
        37.784735
    ],
    [
        51.256404,
        37.78348
    ],
    [
        51.255739,
        37.782184
    ],
    [
        51.255149,
        37.78102
    ],
    [
        51.253766,
        37.77832
    ],
    [
        51.252859,
        37.776532
    ],
    [
        51.252861,
        37.776435
    ],
    [
        51.25315,
        37.774177
    ],
    [
        51.253385,
        37.772263
    ],
    [
        51.253467,
        37.770958
    ],
    [
        51.253428,
        37.7691
    ],
    [
        51.253244,
        37.768739
    ],
    [
        51.252596,
        37.768806
    ],
    [
        51.252081,
        37.768618
    ],
    [
        51.250895,
        37.767507
    ],
    [
        51.24882,
        37.768159
    ],
    [
        51.248582,
        37.768127
    ],
    [
        51.24842,
        37.767971
    ],
    [
        51.247607,
        37.766479
    ],
    [
        51.247058,
        37.765902
    ],
    [
        51.246785,
        37.765418
    ],
    [
        51.24655,
        37.764694
    ],
    [
        51.246095,
        37.762967
    ],
    [
        51.245775,
        37.761577
    ],
    [
        51.245504,
        37.760307
    ],
    [
        51.24526,
        37.759119
    ],
    [
        51.244977,
        37.757874
    ],
    [
        51.244797,
        37.757037
    ],
    [
        51.244774,
        37.75661
    ],
    [
        51.244865,
        37.756243
    ],
    [
        51.245456,
        37.755055
    ],
    [
        51.245862,
        37.754199
    ],
    [
        51.246191,
        37.753498
    ],
    [
        51.24651,
        37.7528
    ],
    [
        51.246768,
        37.752437
    ],
    [
        51.247271,
        37.751909
    ],
    [
        51.247903,
        37.751212
    ],
    [
        51.248145,
        37.750947
    ],
    [
        51.248342,
        37.750457
    ],
    [
        51.248497,
        37.749793
    ],
    [
        51.248558,
        37.749309
    ],
    [
        51.248587,
        37.748661
    ],
    [
        51.2485,
        37.747944
    ],
    [
        51.248093,
        37.746978
    ],
    [
        51.247572,
        37.745881
    ],
    [
        51.247165,
        37.745063
    ],
    [
        51.246344,
        37.743052
    ],
    [
        51.246351,
        37.742582
    ],
    [
        51.246556,
        37.741821
    ],
    [
        51.246499,
        37.741451
    ],
    [
        51.245699,
        37.739745
    ],
    [
        51.245192,
        37.738659
    ],
    [
        51.244884,
        37.737514
    ],
    [
        51.244657,
        37.736994
    ],
    [
        51.244893,
        37.737495
    ],
    [
        51.244987,
        37.737856
    ],
    [
        51.245192,
        37.738655
    ],
    [
        51.245809,
        37.739978
    ],
    [
        51.246348,
        37.741138
    ],
    [
        51.246506,
        37.741478
    ],
    [
        51.24656,
        37.7418
    ],
    [
        51.246363,
        37.742581
    ],
    [
        51.246339,
        37.743028
    ],
    [
        51.246938,
        37.744518
    ],
    [
        51.247206,
        37.745147
    ],
    [
        51.24763,
        37.746015
    ],
    [
        51.248015,
        37.746823
    ],
    [
        51.248338,
        37.747565
    ],
    [
        51.248504,
        37.747945
    ],
    [
        51.248592,
        37.748654
    ],
    [
        51.248553,
        37.749346
    ],
    [
        51.248489,
        37.749854
    ],
    [
        51.248231,
        37.750731
    ],
    [
        51.248142,
        37.750934
    ],
    [
        51.247379,
        37.751797
    ],
    [
        51.246766,
        37.75243
    ],
    [
        51.246511,
        37.752788
    ],
    [
        51.246082,
        37.753723
    ],
    [
        51.245708,
        37.754514
    ],
    [
        51.245392,
        37.755184
    ],
    [
        51.244874,
        37.756246
    ],
    [
        51.244331,
        37.756621
    ],
    [
        51.243233,
        37.757283
    ],
    [
        51.243043,
        37.757455
    ],
    [
        51.242928,
        37.757741
    ],
    [
        51.242898,
        37.758076
    ],
    [
        51.242978,
        37.758527
    ],
    [
        51.243294,
        37.75978
    ],
    [
        51.243717,
        37.761451
    ],
    [
        51.243803,
        37.762728
    ],
    [
        51.24387,
        37.763933
    ],
    [
        51.277637,
        37.726581
    ],
    [
        51.277803,
        37.728399
    ],
    [
        51.27788,
        37.730035
    ],
    [
        51.277942,
        37.731149
    ],
    [
        51.278019,
        37.731899
    ],
    [
        51.278188,
        37.732388
    ],
    [
        51.278414,
        37.732744
    ],
    [
        51.279508,
        37.734016
    ],
    [
        51.279951,
        37.734478
    ],
    [
        51.280131,
        37.734751
    ],
    [
        51.280228,
        37.735053
    ],
    [
        51.280297,
        37.735412
    ],
    [
        51.280337,
        37.735767
    ],
    [
        51.280402,
        37.736948
    ],
    [
        51.280542,
        37.7383
    ],
    [
        51.280589,
        37.738867
    ],
    [
        51.280514,
        37.739005
    ],
    [
        51.280618,
        37.739122
    ],
    [
        51.280649,
        37.739876
    ],
    [
        51.280717,
        37.741138
    ],
    [
        51.280839,
        37.742874
    ],
    [
        51.28089,
        37.743543
    ],
    [
        51.280931,
        37.744598
    ],
    [
        51.28099,
        37.746113
    ],
    [
        51.280931,
        37.748101
    ],
    [
        51.280892,
        37.748732
    ],
    [
        51.280885,
        37.749707
    ],
    [
        51.280951,
        37.750425
    ],
    [
        51.281212,
        37.752095
    ],
    [
        51.281398,
        37.753522
    ],
    [
        51.281806,
        37.757194
    ],
    [
        51.281985,
        37.759127
    ],
    [
        51.282117,
        37.761298
    ],
    [
        51.282166,
        37.762905
    ],
    [
        51.282325,
        37.765032
    ],
    [
        51.282506,
        37.76785
    ],
    [
        51.282661,
        37.769971
    ],
    [
        51.282832,
        37.771803
    ],
    [
        51.283017,
        37.773682
    ],
    [
        51.283326,
        37.776907
    ],
    [
        51.283665,
        37.779907
    ],
    [
        51.283938,
        37.782477
    ],
    [
        51.284228,
        37.785149
    ],
    [
        51.284426,
        37.787011
    ],
    [
        51.284429,
        37.787619
    ],
    [
        51.284302,
        37.787876
    ],
    [
        51.284312,
        37.788182
    ],
    [
        51.284436,
        37.788409
    ],
    [
        51.28456,
        37.78863
    ],
    [
        51.284654,
        37.789019
    ],
    [
        51.284805,
        37.789903
    ],
    [
        51.28502,
        37.791776
    ],
    [
        51.285117,
        37.792615
    ],
    [
        51.285142,
        37.792824
    ],
    [
        51.285092,
        37.792981
    ],
    [
        51.285173,
        37.793032
    ],
    [
        51.285218,
        37.793445
    ],
    [
        51.285296,
        37.794323
    ],
    [
        51.285462,
        37.795745
    ],
    [
        51.285614,
        37.796945
    ],
    [
        51.285751,
        37.798193
    ],
    [
        51.285884,
        37.799325
    ],
    [
        51.285979,
        37.800121
    ],
    [
        51.286147,
        37.801578
    ],
    [
        51.286195,
        37.801977
    ],
    [
        51.286176,
        37.802046
    ],
    [
        51.286228,
        37.802217
    ],
    [
        51.286299,
        37.802801
    ],
    [
        51.286374,
        37.803467
    ],
    [
        51.286457,
        37.804194
    ],
    [
        51.28654,
        37.804853
    ],
    [
        51.286618,
        37.805438
    ],
    [
        51.286682,
        37.806023
    ],
    [
        51.286761,
        37.806696
    ],
    [
        51.286823,
        37.807226
    ],
    [
        51.286888,
        37.807704
    ],
    [
        51.286958,
        37.808252
    ],
    [
        51.286939,
        37.808485
    ],
    [
        51.286997,
        37.80861
    ],
    [
        51.287072,
        37.80922
    ],
    [
        51.287115,
        37.809754
    ],
    [
        51.287234,
        37.810606
    ],
    [
        51.287348,
        37.81165
    ],
    [
        51.287396,
        37.812141
    ],
    [
        51.287434,
        37.812465
    ],
    [
        51.287396,
        37.81253
    ],
    [
        51.287463,
        37.812658
    ],
    [
        51.287541,
        37.813303
    ],
    [
        51.287614,
        37.813901
    ],
    [
        51.287683,
        37.814503
    ],
    [
        51.28775,
        37.815058
    ],
    [
        51.287818,
        37.815752
    ],
    [
        51.287847,
        37.816164
    ],
    [
        51.287851,
        37.816689
    ],
    [
        51.287825,
        37.817152
    ],
    [
        51.28776,
        37.81769
    ],
    [
        51.287674,
        37.818172
    ],
    [
        51.287575,
        37.818725
    ],
    [
        51.28746,
        37.819331
    ],
    [
        51.28736,
        37.819499
    ],
    [
        51.287416,
        37.819625
    ],
    [
        51.287339,
        37.81989
    ],
    [
        51.28711,
        37.82047
    ],
    [
        51.286947,
        37.820837
    ],
    [
        51.286777,
        37.820718
    ],
    [
        51.286416,
        37.820255
    ],
    [
        51.286402,
        37.820189
    ],
    [
        51.286348,
        37.820169
    ],
    [
        51.285954,
        37.819696
    ],
    [
        51.285648,
        37.819289
    ],
    [
        51.285381,
        37.818948
    ],
    [
        51.285171,
        37.8187
    ],
    [
        51.284985,
        37.818465
    ],
    [
        51.284709,
        37.818113
    ],
    [
        51.284508,
        37.817866
    ],
    [
        51.284295,
        37.817588
    ],
    [
        51.284066,
        37.817318
    ],
    [
        51.28382,
        37.816996
    ],
    [
        51.283656,
        37.816791
    ],
    [
        51.283306,
        37.816369
    ],
    [
        51.283012,
        37.815999
    ],
    [
        51.282719,
        37.815633
    ],
    [
        51.282457,
        37.815297
    ],
    [
        51.282265,
        37.815061
    ],
    [
        51.282185,
        37.814964
    ],
    [
        51.28217,
        37.814907
    ],
    [
        51.282086,
        37.814837
    ],
    [
        51.28171,
        37.814388
    ],
    [
        51.281425,
        37.814022
    ],
    [
        51.281096,
        37.813623
    ],
    [
        51.280852,
        37.81333
    ],
    [
        51.280578,
        37.812967
    ],
    [
        51.280324,
        37.812638
    ],
    [
        51.280158,
        37.81243
    ],
    [
        51.279942,
        37.81215
    ],
    [
        51.279729,
        37.811878
    ],
    [
        51.279727,
        37.811826
    ],
    [
        51.279673,
        37.811802
    ],
    [
        51.279406,
        37.811485
    ],
    [
        51.279223,
        37.811304
    ],
    [
        51.279096,
        37.811252
    ],
    [
        51.278919,
        37.81102
    ],
    [
        51.278766,
        37.810907
    ],
    [
        51.278661,
        37.810975
    ],
    [
        51.27862,
        37.811065
    ],
    [
        51.278518,
        37.811107
    ],
    [
        51.278221,
        37.810964
    ],
    [
        51.277755,
        37.810618
    ],
    [
        51.277196,
        37.810278
    ],
    [
        51.276788,
        37.810001
    ],
    [
        51.276355,
        37.809721
    ],
    [
        51.27595,
        37.809454
    ],
    [
        51.275315,
        37.809022
    ],
    [
        51.274656,
        37.808595
    ],
    [
        51.274223,
        37.808309
    ],
    [
        51.273768,
        37.80799
    ],
    [
        51.27333,
        37.807732
    ],
    [
        51.272957,
        37.807481
    ],
    [
        51.272614,
        37.807237
    ],
    [
        51.27247,
        37.807118
    ],
    [
        51.272196,
        37.806708
    ],
    [
        51.272057,
        37.806324
    ],
    [
        51.272037,
        37.806133
    ],
    [
        51.271925,
        37.805964
    ],
    [
        51.271816,
        37.80594
    ],
    [
        51.271718,
        37.80594
    ],
    [
        51.271672,
        37.805881
    ],
    [
        51.271367,
        37.805523
    ],
    [
        51.271013,
        37.804814
    ],
    [
        51.270489,
        37.803827
    ],
    [
        51.269921,
        37.802779
    ],
    [
        51.269222,
        37.801504
    ],
    [
        51.267391,
        37.798189
    ],
    [
        51.266274,
        37.796093
    ],
    [
        51.26445,
        37.793993
    ],
    [
        51.262673,
        37.791979
    ],
    [
        51.261738,
        37.790939
    ],
    [
        51.259888,
        37.788914
    ],
    [
        51.259219,
        37.788156
    ],
    [
        51.258647,
        37.787483
    ],
    [
        51.257968,
        37.786423
    ],
    [
        51.257072,
        37.784735
    ],
    [
        51.256404,
        37.78348
    ],
    [
        51.255739,
        37.782184
    ],
    [
        51.255149,
        37.78102
    ],
    [
        51.253766,
        37.77832
    ],
    [
        51.252859,
        37.776532
    ],
    [
        51.252861,
        37.776435
    ],
    [
        51.25315,
        37.774177
    ],
    [
        51.253385,
        37.772263
    ],
    [
        51.253467,
        37.770958
    ],
    [
        51.253428,
        37.7691
    ],
    [
        51.253244,
        37.768739
    ],
    [
        51.252596,
        37.768806
    ],
    [
        51.252081,
        37.768618
    ],
    [
        51.250895,
        37.767507
    ],
    [
        51.24882,
        37.768159
    ],
    [
        51.248582,
        37.768127
    ],
    [
        51.24842,
        37.767971
    ],
    [
        51.247607,
        37.766479
    ],
    [
        51.247058,
        37.765902
    ],
    [
        51.246785,
        37.765418
    ],
    [
        51.24655,
        37.764694
    ],
    [
        51.246095,
        37.762967
    ],
    [
        51.245775,
        37.761577
    ],
    [
        51.245504,
        37.760307
    ],
    [
        51.24526,
        37.759119
    ],
    [
        51.244977,
        37.757874
    ],
    [
        51.244797,
        37.757037
    ],
    [
        51.244619,
        37.756735
    ],
    [
        51.244336,
        37.75659
    ],
    [
        51.24374,
        37.756932
    ],
    [
        51.243284,
        37.757229
    ],
    [
        51.243061,
        37.757435
    ],
    [
        51.242929,
        37.757736
    ],
    [
        51.242895,
        37.758072
    ],
    [
        51.242948,
        37.75838
    ],
    [
        51.243136,
        37.759162
    ],
    [
        51.243303,
        37.759812
    ],
    [
        51.243428,
        37.760305
    ],
    [
        51.243588,
        37.760951
    ],
    [
        51.243722,
        37.761481
    ],
    [
        51.243794,
        37.762519
    ],
    [
        51.243845,
        37.763539
    ],
    [
        51.243874,
        37.76396
    ],
    [
        51.243873,
        37.76396
    ],
    [
        51.243799,
        37.762658
    ],
    [
        51.243716,
        37.761464
    ],
    [
        51.243323,
        37.759898
    ],
    [
        51.243001,
        37.758613
    ],
    [
        51.242894,
        37.758069
    ],
    [
        51.242935,
        37.757714
    ],
    [
        51.243065,
        37.757419
    ],
    [
        51.24331,
        37.757223
    ],
    [
        51.243662,
        37.757017
    ],
    [
        51.244092,
        37.756719
    ],
    [
        51.244379,
        37.756611
    ],
    [
        51.244603,
        37.756729
    ],
    [
        51.244803,
        37.757025
    ],
    [
        51.245087,
        37.75834
    ],
    [
        51.245428,
        37.759871
    ],
    [
        51.245732,
        37.761335
    ],
    [
        51.245866,
        37.762058
    ],
    [
        51.246346,
        37.763879
    ],
    [
        51.24663,
        37.764973
    ],
    [
        51.246795,
        37.765439
    ],
    [
        51.24701,
        37.765839
    ],
    [
        51.24719,
        37.766057
    ],
    [
        51.247628,
        37.766511
    ],
    [
        51.248264,
        37.767662
    ],
    [
        51.248495,
        37.768048
    ],
    [
        51.248834,
        37.768166
    ],
    [
        51.249528,
        37.767951
    ],
    [
        51.250199,
        37.76775
    ],
    [
        51.250905,
        37.767524
    ],
    [
        51.25166,
        37.768223
    ],
    [
        51.252092,
        37.768634
    ],
    [
        51.252538,
        37.768786
    ],
    [
        51.25264,
        37.768813
    ],
    [
        51.253271,
        37.768775
    ],
    [
        51.253436,
        37.769146
    ],
    [
        51.253474,
        37.770303
    ],
    [
        51.253475,
        37.771032
    ],
    [
        51.253371,
        37.772399
    ],
    [
        51.253231,
        37.773598
    ],
    [
        51.253016,
        37.775208
    ],
    [
        51.252858,
        37.776496
    ],
    [
        51.253546,
        37.777903
    ],
    [
        51.254251,
        37.779283
    ],
    [
        51.255386,
        37.78151
    ],
    [
        51.256262,
        37.783192
    ],
    [
        51.257495,
        37.785533
    ],
    [
        51.258003,
        37.786463
    ],
    [
        51.258695,
        37.787549
    ],
    [
        51.26019,
        37.789231
    ],
    [
        51.261437,
        37.790634
    ],
    [
        51.26274,
        37.79207
    ],
    [
        51.264185,
        37.793695
    ],
    [
        51.265405,
        37.795068
    ],
    [
        51.266304,
        37.796128
    ],
    [
        51.2677,
        37.798712
    ],
    [
        51.269161,
        37.801418
    ],
    [
        51.270383,
        37.803664
    ],
    [
        51.271441,
        37.805619
    ],
    [
        51.271555,
        37.806198
    ],
    [
        51.271536,
        37.806444
    ],
    [
        51.271619,
        37.806724
    ],
    [
        51.271834,
        37.806812
    ],
    [
        51.271962,
        37.806751
    ],
    [
        51.272301,
        37.80698
    ],
    [
        51.272663,
        37.807323
    ],
    [
        51.27305,
        37.807579
    ],
    [
        51.273663,
        37.80799
    ],
    [
        51.274157,
        37.808297
    ],
    [
        51.274583,
        37.808578
    ],
    [
        51.275122,
        37.808934
    ],
    [
        51.275724,
        37.80934
    ],
    [
        51.276258,
        37.809694
    ],
    [
        51.276821,
        37.810049
    ],
    [
        51.277206,
        37.81031
    ],
    [
        51.277771,
        37.81067
    ],
    [
        51.278238,
        37.810989
    ],
    [
        51.278685,
        37.811263
    ],
    [
        51.278999,
        37.811506
    ],
    [
        51.279101,
        37.811429
    ],
    [
        51.279099,
        37.811285
    ],
    [
        51.278684,
        37.810789
    ],
    [
        51.277906,
        37.809822
    ],
    [
        51.277294,
        37.809074
    ],
    [
        51.276611,
        37.808073
    ],
    [
        51.276381,
        37.807417
    ],
    [
        51.276392,
        37.807355
    ],
    [
        51.276283,
        37.807125
    ],
    [
        51.276153,
        37.806799
    ],
    [
        51.275919,
        37.806159
    ],
    [
        51.275589,
        37.80529
    ],
    [
        51.275155,
        37.804132
    ],
    [
        51.275037,
        37.803827
    ],
    [
        51.275073,
        37.803698
    ],
    [
        51.275501,
        37.803248
    ],
    [
        51.275551,
        37.803241
    ],
    [
        51.275623,
        37.803132
    ],
    [
        51.275971,
        37.802794
    ],
    [
        51.276524,
        37.802236
    ],
    [
        51.27704,
        37.801738
    ],
    [
        51.277736,
        37.801077
    ],
    [
        51.277774,
        37.80108
    ],
    [
        51.277803,
        37.801009
    ],
    [
        51.278408,
        37.800438
    ],
    [
        51.279002,
        37.799869
    ],
    [
        51.279501,
        37.799389
    ],
    [
        51.279971,
        37.798926
    ],
    [
        51.280394,
        37.798538
    ],
    [
        51.281005,
        37.797943
    ],
    [
        51.281642,
        37.797324
    ],
    [
        51.282262,
        37.796723
    ],
    [
        51.282675,
        37.796356
    ],
    [
        51.282729,
        37.796372
    ],
    [
        51.28279,
        37.79626
    ],
    [
        51.282859,
        37.796215
    ],
    [
        51.283261,
        37.796005
    ],
    [
        51.283589,
        37.79583
    ],
    [
        51.283875,
        37.795727
    ],
    [
        51.284237,
        37.795611
    ],
    [
        51.284721,
        37.795483
    ],
    [
        51.285413,
        37.795272
    ],
    [
        51.285521,
        37.796209
    ],
    [
        51.285634,
        37.797116
    ],
    [
        51.285751,
        37.798158
    ],
    [
        51.285885,
        37.799359
    ],
    [
        51.285967,
        37.800025
    ],
    [
        51.28608,
        37.801004
    ],
    [
        51.286178,
        37.801814
    ],
    [
        51.286172,
        37.80206
    ],
    [
        51.286243,
        37.802296
    ],
    [
        51.286283,
        37.802678
    ],
    [
        51.286375,
        37.803427
    ],
    [
        51.28652,
        37.804752
    ],
    [
        51.286632,
        37.805555
    ],
    [
        51.286705,
        37.806159
    ],
    [
        51.286776,
        37.80678
    ],
    [
        51.286865,
        37.807533
    ],
    [
        51.286939,
        37.808147
    ],
    [
        51.286978,
        37.808419
    ],
    [
        51.286946,
        37.808512
    ],
    [
        51.287028,
        37.808779
    ],
    [
        51.287122,
        37.809585
    ],
    [
        51.287195,
        37.810314
    ],
    [
        51.287305,
        37.811237
    ],
    [
        51.287404,
        37.812158
    ],
    [
        51.287398,
        37.812515
    ],
    [
        51.287476,
        37.812742
    ],
    [
        51.287525,
        37.813144
    ],
    [
        51.287644,
        37.814187
    ],
    [
        51.287766,
        37.815229
    ],
    [
        51.28784,
        37.816053
    ],
    [
        51.287849,
        37.816559
    ],
    [
        51.28784,
        37.817029
    ],
    [
        51.287746,
        37.817812
    ],
    [
        51.287608,
        37.818561
    ],
    [
        51.287487,
        37.819193
    ],
    [
        51.287433,
        37.819469
    ],
    [
        51.28736,
        37.819512
    ],
    [
        51.287367,
        37.819486
    ],
    [
        51.287404,
        37.819695
    ],
    [
        51.28722,
        37.82023
    ],
    [
        51.286968,
        37.820789
    ],
    [
        51.286905,
        37.821199
    ],
    [
        51.286912,
        37.821844
    ],
    [
        51.286964,
        37.822292
    ],
    [
        51.287085,
        37.822441
    ],
    [
        51.287283,
        37.822408
    ],
    [
        51.287427,
        37.822333
    ],
    [
        51.287623,
        37.822191
    ],
    [
        51.287719,
        37.821853
    ],
    [
        51.287592,
        37.821149
    ],
    [
        51.287453,
        37.820257
    ],
    [
        51.287413,
        37.819793
    ],
    [
        51.287487,
        37.819346
    ],
    [
        51.287624,
        37.818609
    ],
    [
        51.287702,
        37.818187
    ],
    [
        51.287759,
        37.81819
    ],
    [
        51.28774,
        37.81797
    ],
    [
        51.287842,
        37.817288
    ],
    [
        51.287876,
        37.816775
    ],
    [
        51.287869,
        37.816168
    ],
    [
        51.287822,
        37.815498
    ],
    [
        51.287735,
        37.814715
    ],
    [
        51.287659,
        37.814079
    ],
    [
        51.287594,
        37.813535
    ],
    [
        51.287501,
        37.812737
    ],
    [
        51.287403,
        37.811912
    ],
    [
        51.287327,
        37.811193
    ],
    [
        51.287215,
        37.810227
    ],
    [
        51.287119,
        37.809387
    ],
    [
        51.287043,
        37.808755
    ],
    [
        51.286964,
        37.808067
    ],
    [
        51.286889,
        37.807457
    ],
    [
        51.286918,
        37.807398
    ],
    [
        51.28687,
        37.807293
    ],
    [
        51.286797,
        37.806741
    ],
    [
        51.286723,
        37.806056
    ],
    [
        51.286657,
        37.805533
    ],
    [
        51.286582,
        37.804943
    ],
    [
        51.286488,
        37.804212
    ],
    [
        51.286406,
        37.803522
    ],
    [
        51.286298,
        37.802605
    ],
    [
        51.286197,
        37.801728
    ],
    [
        51.286094,
        37.800874
    ],
    [
        51.286121,
        37.800786
    ],
    [
        51.286062,
        37.800621
    ],
    [
        51.285963,
        37.799804
    ],
    [
        51.285883,
        37.799083
    ],
    [
        51.285815,
        37.798469
    ],
    [
        51.285702,
        37.797475
    ],
    [
        51.285621,
        37.796786
    ],
    [
        51.285523,
        37.796027
    ],
    [
        51.285417,
        37.795237
    ],
    [
        51.285107,
        37.795332
    ],
    [
        51.284769,
        37.795419
    ],
    [
        51.284697,
        37.795358
    ],
    [
        51.284602,
        37.795472
    ],
    [
        51.284239,
        37.795564
    ],
    [
        51.283843,
        37.795687
    ],
    [
        51.283572,
        37.795795
    ],
    [
        51.283206,
        37.795987
    ],
    [
        51.282957,
        37.796111
    ],
    [
        51.282943,
        37.79608
    ],
    [
        51.282834,
        37.796172
    ],
    [
        51.282468,
        37.796484
    ],
    [
        51.282075,
        37.796868
    ],
    [
        51.281727,
        37.797198
    ],
    [
        51.281358,
        37.797557
    ],
    [
        51.280965,
        37.797936
    ],
    [
        51.280583,
        37.798304
    ],
    [
        51.280242,
        37.798628
    ],
    [
        51.279812,
        37.799031
    ],
    [
        51.279389,
        37.799446
    ],
    [
        51.278907,
        37.799906
    ],
    [
        51.278502,
        37.800297
    ],
    [
        51.27806,
        37.800716
    ],
    [
        51.277706,
        37.801062
    ],
    [
        51.277446,
        37.801304
    ],
    [
        51.2774,
        37.801289
    ],
    [
        51.277363,
        37.801376
    ],
    [
        51.276937,
        37.80178
    ],
    [
        51.27657,
        37.802128
    ],
    [
        51.276189,
        37.802518
    ],
    [
        51.275864,
        37.802836
    ],
    [
        51.275516,
        37.803187
    ],
    [
        51.275192,
        37.80352
    ],
    [
        51.275019,
        37.80376
    ],
    [
        51.275029,
        37.803891
    ],
    [
        51.275065,
        37.803982
    ],
    [
        51.275046,
        37.804086
    ],
    [
        51.275133,
        37.804163
    ],
    [
        51.275413,
        37.804903
    ],
    [
        51.27574,
        37.80577
    ],
    [
        51.276046,
        37.806604
    ],
    [
        51.276152,
        37.806891
    ],
    [
        51.276134,
        37.806965
    ],
    [
        51.276232,
        37.807087
    ],
    [
        51.27646,
        37.807719
    ],
    [
        51.276582,
        37.808077
    ],
    [
        51.276766,
        37.808375
    ],
    [
        51.277152,
        37.808918
    ],
    [
        51.277601,
        37.809486
    ],
    [
        51.277937,
        37.809907
    ],
    [
        51.278306,
        37.810342
    ],
    [
        51.278625,
        37.810723
    ],
    [
        51.278662,
        37.810895
    ],
    [
        51.278658,
        37.810996
    ],
    [
        51.278608,
        37.811068
    ],
    [
        51.278509,
        37.811115
    ],
    [
        51.278311,
        37.810991
    ],
    [
        51.277836,
        37.810674
    ],
    [
        51.277429,
        37.810407
    ],
    [
        51.277033,
        37.810157
    ],
    [
        51.276549,
        37.809833
    ],
    [
        51.276166,
        37.809588
    ],
    [
        51.275769,
        37.809325
    ],
    [
        51.275248,
        37.808979
    ],
    [
        51.274641,
        37.808584
    ],
    [
        51.274207,
        37.808299
    ],
    [
        51.273697,
        37.807965
    ],
    [
        51.27321,
        37.807646
    ],
    [
        51.272666,
        37.807276
    ],
    [
        51.272356,
        37.80701
    ],
    [
        51.272209,
        37.806691
    ],
    [
        51.272068,
        37.806349
    ],
    [
        51.272006,
        37.806062
    ],
    [
        51.27182,
        37.80592
    ],
    [
        51.271695,
        37.805912
    ],
    [
        51.271468,
        37.805626
    ],
    [
        51.271052,
        37.804873
    ],
    [
        51.270027,
        37.802989
    ],
    [
        51.268653,
        37.800476
    ],
    [
        51.266873,
        37.797197
    ],
    [
        51.266256,
        37.796092
    ],
    [
        51.265735,
        37.795449
    ],
    [
        51.264135,
        37.793627
    ],
    [
        51.262299,
        37.791578
    ],
    [
        51.260373,
        37.789437
    ],
    [
        51.258926,
        37.787799
    ],
    [
        51.258557,
        37.787348
    ],
    [
        51.257917,
        37.786331
    ],
    [
        51.256084,
        37.78286
    ],
    [
        51.253852,
        37.778499
    ],
    [
        51.252847,
        37.776476
    ],
    [
        51.253267,
        37.773258
    ],
    [
        51.253476,
        37.770976
    ],
    [
        51.253427,
        37.769081
    ],
    [
        51.253225,
        37.768741
    ],
    [
        51.252567,
        37.768799
    ],
    [
        51.252039,
        37.768587
    ],
    [
        51.250884,
        37.767511
    ],
    [
        51.248793,
        37.768171
    ],
    [
        51.248467,
        37.76804
    ],
    [
        51.247579,
        37.766436
    ],
    [
        51.247069,
        37.765924
    ],
    [
        51.24672,
        37.765271
    ],
    [
        51.245839,
        37.761928
    ],
    [
        51.244778,
        37.756985
    ],
    [
        51.244578,
        37.756676
    ],
    [
        51.244319,
        37.756609
    ],
    [
        51.24384,
        37.756883
    ],
    [
        51.243201,
        37.757309
    ],
    [
        51.243049,
        37.757438
    ],
    [
        51.242931,
        37.757734
    ],
    [
        51.242897,
        37.758074
    ],
    [
        51.242951,
        37.758383
    ],
    [
        51.243136,
        37.759154
    ],
    [
        51.24331,
        37.759852
    ],
    [
        51.243475,
        37.760492
    ],
    [
        51.243697,
        37.761384
    ],
    [
        51.243717,
        37.761483
    ],
    [
        51.243751,
        37.76192
    ],
    [
        51.243828,
        37.763193
    ],
    [
        51.243875,
        37.763978
    ],
    [
        51.243877,
        37.763983
    ],
    [
        51.243793,
        37.762616
    ],
    [
        51.243721,
        37.761469
    ],
    [
        51.243411,
        37.760242
    ],
    [
        51.243113,
        37.759056
    ],
    [
        51.242982,
        37.758547
    ],
    [
        51.242893,
        37.758065
    ],
    [
        51.242941,
        37.757713
    ],
    [
        51.243052,
        37.757439
    ],
    [
        51.243291,
        37.757244
    ],
    [
        51.243589,
        37.757048
    ],
    [
        51.244346,
        37.756595
    ],
    [
        51.244571,
        37.756691
    ],
    [
        51.24479,
        37.756996
    ],
    [
        51.24488,
        37.757384
    ],
    [
        51.245468,
        37.760115
    ],
    [
        51.245854,
        37.761901
    ],
    [
        51.246045,
        37.762723
    ],
    [
        51.246655,
        37.765037
    ],
    [
        51.246857,
        37.765541
    ],
    [
        51.247062,
        37.765914
    ],
    [
        51.247594,
        37.766458
    ],
    [
        51.248459,
        37.767989
    ],
    [
        51.248699,
        37.768149
    ],
    [
        51.249097,
        37.768092
    ],
    [
        51.250079,
        37.76778
    ],
    [
        51.250905,
        37.767525
    ],
    [
        51.252098,
        37.768636
    ],
    [
        51.252602,
        37.768805
    ],
    [
        51.25325,
        37.76877
    ],
    [
        51.253426,
        37.769083
    ],
    [
        51.253479,
        37.770762
    ],
    [
        51.253478,
        37.770991
    ],
    [
        51.25339,
        37.772242
    ],
    [
        51.253267,
        37.77336
    ],
    [
        51.253041,
        37.775096
    ],
    [
        51.25286,
        37.776492
    ],
    [
        51.252488,
        37.776655
    ],
    [
        51.251847,
        37.777467
    ],
    [
        51.251342,
        37.778107
    ],
    [
        51.250891,
        37.778685
    ],
    [
        51.250374,
        37.779353
    ],
    [
        51.249857,
        37.779775
    ],
    [
        51.249615,
        37.77998
    ],
    [
        51.249305,
        37.780068
    ],
    [
        51.248919,
        37.78005
    ],
    [
        51.24886,
        37.78003
    ],
    [
        51.248242,
        37.779769
    ],
    [
        51.247846,
        37.77959
    ],
    [
        51.247194,
        37.779303
    ],
    [
        51.246569,
        37.779026
    ],
    [
        51.246365,
        37.778969
    ],
    [
        51.246182,
        37.779005
    ],
    [
        51.246007,
        37.779083
    ],
    [
        51.245714,
        37.779306
    ],
    [
        51.245197,
        37.779792
    ],
    [
        51.244769,
        37.780186
    ],
    [
        51.244566,
        37.780455
    ],
    [
        51.244401,
        37.780827
    ],
    [
        51.244252,
        37.781349
    ],
    [
        51.24414,
        37.781934
    ],
    [
        51.243973,
        37.782809
    ],
    [
        51.243816,
        37.783644
    ],
    [
        51.243752,
        37.78396
    ],
    [
        51.243314,
        37.784097
    ],
    [
        51.243137,
        37.784933
    ],
    [
        51.243536,
        37.785105
    ],
    [
        51.243442,
        37.78563
    ],
    [
        51.243292,
        37.786443
    ],
    [
        51.243147,
        37.787217
    ],
    [
        51.243015,
        37.788002
    ],
    [
        51.242919,
        37.788642
    ],
    [
        51.24366,
        37.788992
    ],
    [
        51.243999,
        37.789142
    ],
    [
        51.243854,
        37.789928
    ],
    [
        51.243683,
        37.79084
    ],
    [
        51.243471,
        37.791979
    ],
    [
        51.243314,
        37.792894
    ],
    [
        51.243325,
        37.793217
    ],
    [
        51.243442,
        37.7936
    ],
    [
        51.2434,
        37.793778
    ],
    [
        51.24339,
        37.793865
    ],
    [
        51.243363,
        37.794004
    ],
    [
        51.243878,
        37.763962
    ],
    [
        51.243788,
        37.762384
    ],
    [
        51.243718,
        37.761467
    ],
    [
        51.243473,
        37.760488
    ],
    [
        51.243243,
        37.759598
    ],
    [
        51.242948,
        37.758385
    ],
    [
        51.242891,
        37.758071
    ],
    [
        51.242924,
        37.757733
    ],
    [
        51.243054,
        37.757442
    ],
    [
        51.243283,
        37.757224
    ],
    [
        51.243859,
        37.75688
    ],
    [
        51.244374,
        37.756604
    ],
    [
        51.244493,
        37.756656
    ],
    [
        51.244611,
        37.756737
    ],
    [
        51.244721,
        37.756869
    ],
    [
        51.244791,
        37.757025
    ],
    [
        51.244776,
        37.756599
    ],
    [
        51.244867,
        37.756234
    ],
    [
        51.245017,
        37.755947
    ],
    [
        51.245444,
        37.755081
    ],
    [
        51.245911,
        37.754089
    ],
    [
        51.246521,
        37.752775
    ],
    [
        51.246766,
        37.752447
    ],
    [
        51.247268,
        37.752952
    ],
    [
        51.247981,
        37.753588
    ],
    [
        51.248262,
        37.753782
    ],
    [
        51.249343,
        37.754318
    ],
    [
        51.250406,
        37.754885
    ],
    [
        51.251281,
        37.755313
    ],
    [
        51.252128,
        37.755585
    ],
    [
        51.252737,
        37.755641
    ],
    [
        51.253346,
        37.755581
    ],
    [
        51.253755,
        37.755501
    ],
    [
        51.254505,
        37.75504
    ],
    [
        51.255445,
        37.754473
    ],
    [
        51.25674,
        37.753676
    ],
    [
        51.257891,
        37.752938
    ],
    [
        51.258257,
        37.752736
    ],
    [
        51.258474,
        37.753847
    ],
    [
        51.261746,
        37.755178
    ],
    [
        51.264839,
        37.7565
    ],
    [
        51.26511,
        37.75682
    ],
    [
        51.265221,
        37.75787
    ],
    [
        51.265297,
        37.758107
    ],
    [
        51.265525,
        37.758317
    ],
    [
        51.265956,
        37.758393
    ],
    [
        51.265951,
        37.758448
    ],
    [
        51.265008,
        37.758891
    ],
    [
        51.262071,
        37.76059
    ],
    [
        51.26197,
        37.760919
    ],
    [
        51.261952,
        37.762096
    ],
    [
        51.261826,
        37.763541
    ],
    [
        51.261913,
        37.764688
    ],
    [
        51.261965,
        37.765603
    ],
    [
        51.261497,
        37.766288
    ],
    [
        51.261192,
        37.766498
    ],
    [
        51.258631,
        37.767401
    ],
    [
        51.255772,
        37.768404
    ],
    [
        51.253876,
        37.76915
    ],
    [
        51.253485,
        37.769594
    ],
    [
        51.25345,
        37.770243
    ],
    [
        51.253313,
        37.773013
    ],
    [
        51.252978,
        37.775432
    ],
    [
        51.252877,
        37.776465
    ],
    [
        51.25256,
        37.776629
    ],
    [
        51.25248,
        37.776658
    ],
    [
        51.252094,
        37.777148
    ],
    [
        51.251675,
        37.77769
    ],
    [
        51.251181,
        37.77832
    ],
    [
        51.250706,
        37.778923
    ],
    [
        51.250299,
        37.77944
    ],
    [
        51.250071,
        37.779595
    ],
    [
        51.249653,
        37.779948
    ],
    [
        51.24936,
        37.780053
    ],
    [
        51.249229,
        37.780072
    ],
    [
        51.249014,
        37.780061
    ],
    [
        51.248888,
        37.780051
    ],
    [
        51.248424,
        37.779844
    ],
    [
        51.247914,
        37.77962
    ],
    [
        51.247403,
        37.779402
    ],
    [
        51.246898,
        37.779175
    ],
    [
        51.246546,
        37.779015
    ],
    [
        51.246357,
        37.778973
    ],
    [
        51.246003,
        37.779076
    ],
    [
        51.245706,
        37.779319
    ],
    [
        51.245156,
        37.779825
    ],
    [
        51.24479,
        37.780159
    ],
    [
        51.244561,
        37.780474
    ],
    [
        51.244357,
        37.780937
    ],
    [
        51.244215,
        37.781529
    ],
    [
        51.244062,
        37.782328
    ],
    [
        51.243797,
        37.783761
    ],
    [
        51.243757,
        37.783955
    ],
    [
        51.243456,
        37.784045
    ],
    [
        51.243277,
        37.784258
    ],
    [
        51.243287,
        37.784484
    ],
    [
        51.243226,
        37.794709
    ],
    [
        51.243437,
        37.793612
    ],
    [
        51.243327,
        37.79321
    ],
    [
        51.243316,
        37.792855
    ],
    [
        51.243504,
        37.791797
    ],
    [
        51.244005,
        37.789145
    ],
    [
        51.242922,
        37.788657
    ],
    [
        51.243128,
        37.787323
    ],
    [
        51.243564,
        37.785015
    ],
    [
        51.243871,
        37.78333
    ],
    [
        51.244256,
        37.781301
    ],
    [
        51.244435,
        37.780733
    ],
    [
        51.244627,
        37.780369
    ],
    [
        51.244816,
        37.780134
    ],
    [
        51.245285,
        37.779704
    ],
    [
        51.24586,
        37.779188
    ],
    [
        51.246022,
        37.779065
    ],
    [
        51.246363,
        37.778977
    ],
    [
        51.246583,
        37.779027
    ],
    [
        51.247381,
        37.779378
    ],
    [
        51.248304,
        37.779793
    ],
    [
        51.248905,
        37.780055
    ],
    [
        51.249319,
        37.780076
    ],
    [
        51.24984,
        37.779924
    ],
    [
        51.25018,
        37.779608
    ],
    [
        51.250609,
        37.779059
    ],
    [
        51.251563,
        37.77784
    ],
    [
        51.252486,
        37.77665
    ],
    [
        51.252873,
        37.776472
    ],
    [
        51.253101,
        37.774651
    ],
    [
        51.253343,
        37.77284
    ],
    [
        51.253486,
        37.771011
    ],
    [
        51.253434,
        37.769104
    ],
    [
        51.253267,
        37.768778
    ],
    [
        51.252604,
        37.768794
    ],
    [
        51.252071,
        37.768588
    ],
    [
        51.25091,
        37.767517
    ],
    [
        51.250026,
        37.767781
    ],
    [
        51.248838,
        37.768156
    ],
    [
        51.248501,
        37.768047
    ],
    [
        51.247618,
        37.766481
    ],
    [
        51.246977,
        37.765769
    ],
    [
        51.246683,
        37.765137
    ],
    [
        51.246344,
        37.763857
    ],
    [
        51.245854,
        37.761925
    ],
    [
        51.245241,
        37.758957
    ],
    [
        51.244804,
        37.757041
    ],
    [
        51.244597,
        37.756709
    ],
    [
        51.244382,
        37.756609
    ],
    [
        51.244123,
        37.756706
    ],
    [
        51.243547,
        37.75709
    ],
    [
        51.243216,
        37.757294
    ],
    [
        51.243058,
        37.757441
    ],
    [
        51.242938,
        37.757716
    ],
    [
        51.242906,
        37.758063
    ],
    [
        51.242951,
        37.758371
    ],
    [
        51.243478,
        37.760512
    ],
    [
        51.243719,
        37.761465
    ],
    [
        51.243769,
        37.762085
    ],
    [
        51.243842,
        37.763348
    ],
    [
        51.243879,
        37.763998
    ],
    [
        51.243231,
        37.784441
    ],
    [
        51.243177,
        37.784929
    ],
    [
        51.243536,
        37.785103
    ],
    [
        51.243806,
        37.783705
    ],
    [
        51.244176,
        37.781757
    ],
    [
        51.244269,
        37.781258
    ],
    [
        51.244422,
        37.780749
    ],
    [
        51.244653,
        37.780336
    ],
    [
        51.244855,
        37.780091
    ],
    [
        51.245051,
        37.779928
    ],
    [
        51.245726,
        37.779305
    ],
    [
        51.246018,
        37.779076
    ],
    [
        51.246283,
        37.778987
    ],
    [
        51.24642,
        37.778993
    ],
    [
        51.246595,
        37.779031
    ],
    [
        51.246738,
        37.779099
    ],
    [
        51.247389,
        37.779388
    ],
    [
        51.248158,
        37.779731
    ],
    [
        51.248885,
        37.780053
    ],
    [
        51.249249,
        37.78007
    ],
    [
        51.249402,
        37.780056
    ],
    [
        51.249841,
        37.779928
    ],
    [
        51.250187,
        37.7796
    ],
    [
        51.25045,
        37.779266
    ],
    [
        51.250833,
        37.778768
    ],
    [
        51.251131,
        37.778378
    ],
    [
        51.251707,
        37.777657
    ],
    [
        51.252232,
        37.776983
    ],
    [
        51.252476,
        37.776658
    ],
    [
        51.252839,
        37.776487
    ],
    [
        51.253046,
        37.774913
    ],
    [
        51.253255,
        37.773389
    ],
    [
        51.253424,
        37.771769
    ],
    [
        51.253487,
        37.770582
    ],
    [
        51.253431,
        37.769139
    ],
    [
        51.253268,
        37.768795
    ],
    [
        51.252804,
        37.768782
    ],
    [
        51.252564,
        37.768812
    ],
    [
        51.252072,
        37.768603
    ],
    [
        51.251382,
        37.767968
    ],
    [
        51.250901,
        37.767519
    ],
    [
        51.24992,
        37.76783
    ],
    [
        51.248778,
        37.768167
    ],
    [
        51.24848,
        37.768041
    ],
    [
        51.247607,
        37.766447
    ],
    [
        51.247112,
        37.765969
    ],
    [
        51.246776,
        37.765396
    ],
    [
        51.246472,
        37.764454
    ],
    [
        51.245964,
        37.76243
    ],
    [
        51.245557,
        37.760541
    ],
    [
        51.244789,
        37.756986
    ],
    [
        51.24478,
        37.756584
    ],
    [
        51.244879,
        37.756214
    ],
    [
        51.24515,
        37.755684
    ],
    [
        51.24552,
        37.754919
    ],
    [
        51.245816,
        37.754286
    ],
    [
        51.246191,
        37.75349
    ],
    [
        51.246521,
        37.752785
    ],
    [
        51.246757,
        37.752446
    ],
    [
        51.247017,
        37.75272
    ],
    [
        51.247308,
        37.752989
    ],
    [
        51.24774,
        37.753376
    ],
    [
        51.247958,
        37.753569
    ],
    [
        51.248249,
        37.753762
    ],
    [
        51.248617,
        37.753956
    ],
    [
        51.249164,
        37.754224
    ],
    [
        51.249656,
        37.75448
    ],
    [
        51.249812,
        37.754563
    ],
    [
        51.250443,
        37.754904
    ],
    [
        51.250879,
        37.755104
    ],
    [
        51.251287,
        37.755308
    ],
    [
        51.251746,
        37.755481
    ],
    [
        51.252115,
        37.755584
    ],
    [
        51.252235,
        37.755611
    ],
    [
        51.252802,
        37.755635
    ],
    [
        51.252959,
        37.755648
    ],
    [
        51.253763,
        37.755493
    ],
    [
        51.254695,
        37.754921
    ],
    [
        51.255664,
        37.754339
    ],
    [
        51.256743,
        37.753682
    ],
    [
        51.257498,
        37.753217
    ],
    [
        51.25789,
        37.752932
    ],
    [
        51.257909,
        37.75218
    ],
    [
        51.257907,
        37.752406
    ],
    [
        51.257879,
        37.752928
    ],
    [
        51.25825,
        37.752754
    ],
    [
        51.258302,
        37.753026
    ],
    [
        51.258453,
        37.753816
    ],
    [
        51.258465,
        37.753847
    ],
    [
        51.258802,
        37.753975
    ],
    [
        51.259253,
        37.754164
    ],
    [
        51.259695,
        37.754348
    ],
    [
        51.260265,
        37.754581
    ],
    [
        51.260693,
        37.754757
    ],
    [
        51.261147,
        37.754937
    ],
    [
        51.261752,
        37.755185
    ],
    [
        51.26216,
        37.755368
    ],
    [
        51.262719,
        37.755605
    ],
    [
        51.263323,
        37.755856
    ],
    [
        51.264626,
        37.756414
    ],
    [
        51.264823,
        37.756501
    ],
    [
        51.26511,
        37.75683
    ],
    [
        51.265197,
        37.757627
    ],
    [
        51.265214,
        37.757866
    ],
    [
        51.265293,
        37.758105
    ],
    [
        51.265515,
        37.758305
    ],
    [
        51.266024,
        37.758404
    ],
    [
        51.266801,
        37.758066
    ],
    [
        51.267791,
        37.757796
    ],
    [
        51.268737,
        37.75758
    ],
    [
        51.26961,
        37.75736
    ],
    [
        51.270652,
        37.757104
    ],
    [
        51.271675,
        37.756852
    ],
    [
        51.272856,
        37.756575
    ],
    [
        51.274072,
        37.756367
    ],
    [
        51.275353,
        37.756074
    ],
    [
        51.276271,
        37.755883
    ],
    [
        51.277667,
        37.755564
    ],
    [
        51.279276,
        37.75524
    ],
    [
        51.280748,
        37.754931
    ],
    [
        51.281552,
        37.754784
    ],
    [
        51.281729,
        37.756631
    ],
    [
        51.281949,
        37.758528
    ],
    [
        51.282076,
        37.760321
    ],
    [
        51.282142,
        37.762295
    ],
    [
        51.282242,
        37.764035
    ],
    [
        51.28242,
        37.766324
    ],
    [
        51.282589,
        37.768902
    ],
    [
        51.282729,
        37.77077
    ],
    [
        51.282913,
        37.772799
    ],
    [
        51.283121,
        37.774998
    ],
    [
        51.283336,
        37.777072
    ],
    [
        51.283598,
        37.779451
    ],
    [
        51.283791,
        37.78139
    ],
    [
        51.284159,
        37.784431
    ],
    [
        51.284354,
        37.786291
    ],
    [
        51.284431,
        37.786969
    ],
    [
        51.284425,
        37.787613
    ],
    [
        51.284323,
        37.787808
    ],
    [
        51.284288,
        37.788094
    ],
    [
        51.284335,
        37.788254
    ],
    [
        51.28447,
        37.788423
    ],
    [
        51.28462,
        37.788768
    ],
    [
        51.284705,
        37.789214
    ],
    [
        51.284842,
        37.790305
    ],
    [
        51.285035,
        37.792063
    ],
    [
        51.285145,
        37.792827
    ],
    [
        51.285083,
        37.792983
    ],
    [
        51.28523,
        37.793637
    ],
    [
        51.285421,
        37.795341
    ],
    [
        51.285665,
        37.797378
    ],
    [
        51.285868,
        37.799225
    ],
    [
        51.286115,
        37.801195
    ],
    [
        51.286198,
        37.801949
    ],
    [
        51.286177,
        37.802075
    ],
    [
        51.286262,
        37.802444
    ],
    [
        51.286378,
        37.8035
    ],
    [
        51.286576,
        37.805033
    ],
    [
        51.286717,
        37.806269
    ],
    [
        51.286832,
        37.807229
    ],
    [
        51.286973,
        37.808355
    ],
    [
        51.286936,
        37.808488
    ],
    [
        51.287027,
        37.808771
    ],
    [
        51.287179,
        37.810119
    ],
    [
        51.28733,
        37.811484
    ],
    [
        51.287391,
        37.812049
    ],
    [
        51.287443,
        37.812454
    ],
    [
        51.287389,
        37.812531
    ],
    [
        51.287505,
        37.8129
    ],
    [
        51.287627,
        37.813966
    ],
    [
        51.28776,
        37.815158
    ],
    [
        51.287856,
        37.816338
    ],
    [
        51.287843,
        37.816843
    ],
    [
        51.287833,
        37.817261
    ],
    [
        51.287628,
        37.818489
    ],
    [
        51.287499,
        37.819124
    ],
    [
        51.287439,
        37.819419
    ],
    [
        51.28738,
        37.819506
    ],
    [
        51.287373,
        37.819493
    ],
    [
        51.287396,
        37.819718
    ],
    [
        51.287088,
        37.82053
    ],
    [
        51.286942,
        37.820867
    ],
    [
        51.286678,
        37.82059
    ],
    [
        51.286366,
        37.82023
    ],
    [
        51.286387,
        37.820163
    ],
    [
        51.286197,
        37.820081
    ],
    [
        51.285919,
        37.81964
    ],
    [
        51.285406,
        37.819004
    ],
    [
        51.284954,
        37.81846
    ],
    [
        51.284431,
        37.817784
    ],
    [
        51.284082,
        37.817334
    ],
    [
        51.283785,
        37.81696
    ],
    [
        51.283485,
        37.816593
    ],
    [
        51.28323,
        37.816264
    ],
    [
        51.282858,
        37.815806
    ],
    [
        51.282581,
        37.815486
    ],
    [
        51.282307,
        37.815116
    ],
    [
        51.282179,
        37.81496
    ],
    [
        51.28217,
        37.814909
    ],
    [
        51.282114,
        37.814878
    ],
    [
        51.281949,
        37.814678
    ],
    [
        51.281656,
        37.814333
    ],
    [
        51.281472,
        37.814088
    ],
    [
        51.281236,
        37.813791
    ],
    [
        51.281009,
        37.81353
    ],
    [
        51.280775,
        37.813221
    ],
    [
        51.28044,
        37.812784
    ],
    [
        51.280192,
        37.812487
    ],
    [
        51.27999,
        37.812218
    ],
    [
        51.279749,
        37.811907
    ],
    [
        51.279742,
        37.811842
    ],
    [
        51.279665,
        37.811803
    ],
    [
        51.279442,
        37.811545
    ],
    [
        51.279334,
        37.811402
    ],
    [
        51.279175,
        37.811284
    ],
    [
        51.279067,
        37.811208
    ],
    [
        51.278803,
        37.81092
    ],
    [
        51.278665,
        37.81076
    ],
    [
        51.278363,
        37.810381
    ],
    [
        51.27805,
        37.810002
    ],
    [
        51.277812,
        37.80972
    ],
    [
        51.27755,
        37.809402
    ],
    [
        51.277199,
        37.808942
    ],
    [
        51.276915,
        37.808574
    ],
    [
        51.276674,
        37.808233
    ],
    [
        51.276465,
        37.807721
    ],
    [
        51.276375,
        37.80741
    ],
    [
        51.276402,
        37.807376
    ],
    [
        51.276306,
        37.807272
    ],
    [
        51.276103,
        37.806662
    ],
    [
        51.275911,
        37.806196
    ],
    [
        51.275718,
        37.805638
    ],
    [
        51.275464,
        37.804968
    ],
    [
        51.275291,
        37.804556
    ],
    [
        51.275081,
        37.803968
    ],
    [
        51.275032,
        37.803817
    ],
    [
        51.275046,
        37.803735
    ],
    [
        51.275094,
        37.803667
    ],
    [
        51.275195,
        37.803559
    ],
    [
        51.275414,
        37.803335
    ],
    [
        51.275508,
        37.803262
    ],
    [
        51.275534,
        37.803259
    ],
    [
        51.275567,
        37.803196
    ],
    [
        51.275785,
        37.802959
    ],
    [
        51.27609,
        37.802663
    ],
    [
        51.276435,
        37.802317
    ],
    [
        51.276787,
        37.801966
    ],
    [
        51.27716,
        37.801618
    ],
    [
        51.277505,
        37.801286
    ],
    [
        51.277758,
        37.801054
    ],
    [
        51.277786,
        37.801073
    ],
    [
        51.277821,
        37.801001
    ],
    [
        51.277944,
        37.800875
    ],
    [
        51.278155,
        37.800665
    ],
    [
        51.278423,
        37.800412
    ],
    [
        51.278707,
        37.80014
    ],
    [
        51.278985,
        37.799878
    ],
    [
        51.279307,
        37.799564
    ],
    [
        51.279524,
        37.799345
    ],
    [
        51.27982,
        37.799064
    ],
    [
        51.280175,
        37.79872
    ],
    [
        51.280457,
        37.798466
    ],
    [
        51.280816,
        37.798113
    ],
    [
        51.281137,
        37.797804
    ],
    [
        51.281383,
        37.797553
    ],
    [
        51.281612,
        37.797351
    ],
    [
        51.28192,
        37.79706
    ],
    [
        51.282229,
        37.796754
    ],
    [
        51.282495,
        37.7965
    ],
    [
        51.282699,
        37.796336
    ],
    [
        51.282744,
        37.796354
    ],
    [
        51.28278,
        37.796271
    ],
    [
        51.282978,
        37.796143
    ],
    [
        51.28325,
        37.796003
    ],
    [
        51.283474,
        37.795902
    ],
    [
        51.283775,
        37.795768
    ],
    [
        51.284053,
        37.795662
    ],
    [
        51.284281,
        37.795603
    ],
    [
        51.284643,
        37.795495
    ],
    [
        51.284985,
        37.795412
    ],
    [
        51.285285,
        37.795312
    ],
    [
        51.285429,
        37.795249
    ],
    [
        51.28538,
        37.794858
    ],
    [
        51.285329,
        37.794354
    ],
    [
        51.285269,
        37.793851
    ],
    [
        51.285291,
        37.793811
    ],
    [
        51.285241,
        37.793619
    ],
    [
        51.285184,
        37.793135
    ],
    [
        51.28515,
        37.792843
    ],
    [
        51.285048,
        37.791935
    ],
    [
        51.284701,
        37.789008
    ],
    [
        51.284691,
        37.788452
    ],
    [
        51.284699,
        37.788371
    ],
    [
        51.284813,
        37.788192
    ],
    [
        51.284829,
        37.787931
    ],
    [
        51.284745,
        37.787689
    ],
    [
        51.284637,
        37.787567
    ],
    [
        51.284447,
        37.787035
    ],
    [
        51.284317,
        37.78606
    ],
    [
        51.284158,
        37.784497
    ],
    [
        51.283973,
        37.782965
    ],
    [
        51.283828,
        37.781488
    ],
    [
        51.283624,
        37.779765
    ],
    [
        51.283464,
        37.778251
    ],
    [
        51.283238,
        37.77615
    ],
    [
        51.283021,
        37.773901
    ],
    [
        51.282868,
        37.77231
    ],
    [
        51.28272,
        37.770782
    ],
    [
        51.282601,
        37.76903
    ],
    [
        51.282456,
        37.767136
    ],
    [
        51.282352,
        37.765735
    ],
    [
        51.282243,
        37.764181
    ],
    [
        51.282137,
        37.762475
    ],
    [
        51.282102,
        37.760958
    ],
    [
        51.281997,
        37.759351
    ],
    [
        51.281893,
        37.757957
    ],
    [
        51.281732,
        37.756551
    ],
    [
        51.281613,
        37.755435
    ],
    [
        51.281548,
        37.75478
    ],
    [
        51.280388,
        37.755015
    ],
    [
        51.278667,
        37.755364
    ],
    [
        51.277193,
        37.755676
    ],
    [
        51.275314,
        37.75607
    ],
    [
        51.273269,
        37.756521
    ],
    [
        51.271493,
        37.756915
    ],
    [
        51.269719,
        37.757321
    ],
    [
        51.267845,
        37.757776
    ],
    [
        51.266895,
        37.758048
    ],
    [
        51.266142,
        37.758323
    ],
    [
        51.265952,
        37.758403
    ],
    [
        51.265675,
        37.758339
    ],
    [
        51.26552,
        37.758304
    ],
    [
        51.265302,
        37.75811
    ],
    [
        51.265213,
        37.757868
    ],
    [
        51.265196,
        37.75763
    ],
    [
        51.265118,
        37.756961
    ],
    [
        51.265104,
        37.756818
    ],
    [
        51.264878,
        37.756576
    ],
    [
        51.264804,
        37.756485
    ],
    [
        51.264578,
        37.756389
    ],
    [
        51.264216,
        37.756236
    ],
    [
        51.263844,
        37.756079
    ],
    [
        51.263503,
        37.755926
    ],
    [
        51.263123,
        37.755769
    ],
    [
        51.262776,
        37.755624
    ],
    [
        51.262343,
        37.755443
    ],
    [
        51.261976,
        37.755279
    ],
    [
        51.261428,
        37.755056
    ],
    [
        51.260885,
        37.754838
    ],
    [
        51.260368,
        37.754622
    ],
    [
        51.259933,
        37.754448
    ],
    [
        51.259634,
        37.754322
    ],
    [
        51.259294,
        37.754188
    ],
    [
        51.258858,
        37.754005
    ],
    [
        51.258465,
        37.753848
    ],
    [
        51.258321,
        37.753078
    ],
    [
        51.258254,
        37.752738
    ],
    [
        51.257885,
        37.752933
    ],
    [
        51.257911,
        37.752269
    ],
    [
        51.277609,
        37.726645
    ],
    [
        51.277731,
        37.72742
    ],
    [
        51.277775,
        37.728087
    ],
    [
        51.277867,
        37.729688
    ],
    [
        51.277943,
        37.73115
    ],
    [
        51.277989,
        37.731621
    ],
    [
        51.278027,
        37.731924
    ],
    [
        51.278157,
        37.732283
    ],
    [
        51.2783,
        37.732581
    ],
    [
        51.278511,
        37.732856
    ],
    [
        51.278672,
        37.733027
    ],
    [
        51.279443,
        37.733909
    ],
    [
        51.279595,
        37.734104
    ],
    [
        51.279916,
        37.734432
    ],
    [
        51.280102,
        37.734688
    ],
    [
        51.280214,
        37.735014
    ],
    [
        51.280287,
        37.735334
    ],
    [
        51.280339,
        37.735708
    ],
    [
        51.280359,
        37.73617
    ],
    [
        51.280384,
        37.736671
    ],
    [
        51.280532,
        37.738212
    ],
    [
        51.280631,
        37.739526
    ],
    [
        51.280783,
        37.74206
    ],
    [
        51.280919,
        37.744231
    ],
    [
        51.280985,
        37.74628
    ],
    [
        51.28095,
        37.747263
    ],
    [
        51.280894,
        37.748707
    ],
    [
        51.280885,
        37.749747
    ],
    [
        51.280942,
        37.75043
    ],
    [
        51.281161,
        37.751809
    ],
    [
        51.281435,
        37.753745
    ],
    [
        51.281576,
        37.754964
    ],
    [
        51.281702,
        37.756246
    ],
    [
        51.28187,
        37.757879
    ],
    [
        51.281953,
        37.758649
    ],
    [
        51.282065,
        37.760143
    ],
    [
        51.282113,
        37.761399
    ],
    [
        51.282135,
        37.762334
    ],
    [
        51.282172,
        37.763065
    ],
    [
        51.282256,
        37.764343
    ],
    [
        51.282373,
        37.765904
    ],
    [
        51.282549,
        37.768166
    ],
    [
        51.282734,
        37.770696
    ],
    [
        51.282929,
        37.773057
    ],
    [
        51.283132,
        37.775136
    ],
    [
        51.28334,
        37.777154
    ],
    [
        51.283504,
        37.778662
    ],
    [
        51.28366,
        37.779917
    ],
    [
        51.283893,
        37.782135
    ],
    [
        51.284221,
        37.785131
    ],
    [
        51.28435,
        37.786315
    ],
    [
        51.284429,
        37.787013
    ],
    [
        51.28442,
        37.787446
    ],
    [
        51.284416,
        37.787648
    ],
    [
        51.284318,
        37.787812
    ],
    [
        51.284288,
        37.787943
    ],
    [
        51.284287,
        37.788147
    ],
    [
        51.284393,
        37.788333
    ],
    [
        51.284507,
        37.788464
    ],
    [
        51.28463,
        37.788919
    ],
    [
        51.28473,
        37.789407
    ],
    [
        51.28481,
        37.790088
    ],
    [
        51.284952,
        37.791459
    ],
    [
        51.285024,
        37.791914
    ],
    [
        51.285136,
        37.792873
    ],
    [
        51.285093,
        37.792985
    ],
    [
        51.285158,
        37.793079
    ],
    [
        51.285193,
        37.793385
    ],
    [
        51.28529,
        37.794232
    ],
    [
        51.285429,
        37.795507
    ],
    [
        51.285517,
        37.796159
    ],
    [
        51.285607,
        37.796992
    ],
    [
        51.28572,
        37.797908
    ],
    [
        51.285853,
        37.799042
    ],
    [
        51.286035,
        37.800589
    ],
    [
        51.286195,
        37.801921
    ],
    [
        51.286163,
        37.802055
    ],
    [
        51.286216,
        37.802155
    ],
    [
        51.286262,
        37.802558
    ],
    [
        51.286377,
        37.80342
    ],
    [
        51.286543,
        37.804885
    ],
    [
        51.286732,
        37.806325
    ],
    [
        51.286821,
        37.807269
    ],
    [
        51.286964,
        37.80813
    ],
    [
        51.287014,
        37.808377
    ],
    [
        51.287073,
        37.809303
    ],
    [
        51.287219,
        37.810464
    ],
    [
        51.287366,
        37.811845
    ],
    [
        51.287429,
        37.812338
    ],
    [
        51.287382,
        37.812511
    ],
    [
        51.287464,
        37.812646
    ],
    [
        51.287589,
        37.813561
    ],
    [
        51.287659,
        37.814301
    ],
    [
        51.287787,
        37.81532
    ],
    [
        51.287844,
        37.816066
    ],
    [
        51.28785,
        37.816841
    ],
    [
        51.287834,
        37.817228
    ],
    [
        51.287741,
        37.817913
    ],
    [
        51.287587,
        37.818749
    ],
    [
        51.28745,
        37.819423
    ],
    [
        51.287399,
        37.819493
    ],
    [
        51.287428,
        37.819653
    ],
    [
        51.287332,
        37.819966
    ],
    [
        51.28709,
        37.820543
    ],
    [
        51.286978,
        37.820814
    ],
    [
        51.28691,
        37.82084
    ],
    [
        51.286795,
        37.820753
    ],
    [
        51.286541,
        37.820468
    ],
    [
        51.286408,
        37.820308
    ],
    [
        51.286401,
        37.820133
    ],
    [
        51.286327,
        37.820149
    ],
    [
        51.286225,
        37.820023
    ],
    [
        51.285782,
        37.819502
    ],
    [
        51.284943,
        37.818428
    ],
    [
        51.284514,
        37.81787
    ],
    [
        51.284057,
        37.817325
    ],
    [
        51.283584,
        37.816714
    ],
    [
        51.283226,
        37.81629
    ],
    [
        51.282669,
        37.815617
    ],
    [
        51.282188,
        37.815009
    ],
    [
        51.282178,
        37.814889
    ],
    [
        51.282096,
        37.814843
    ],
    [
        51.281681,
        37.814412
    ],
    [
        51.28109,
        37.813663
    ],
    [
        51.280541,
        37.81294
    ],
    [
        51.279991,
        37.812254
    ],
    [
        51.279725,
        37.811905
    ],
    [
        51.279725,
        37.81183
    ],
    [
        51.279605,
        37.811757
    ],
    [
        51.279315,
        37.811391
    ],
    [
        51.279064,
        37.811229
    ],
    [
        51.278852,
        37.810973
    ],
    [
        51.278551,
        37.810628
    ],
    [
        51.277849,
        37.809748
    ],
    [
        51.276772,
        37.808381
    ],
    [
        51.276593,
        37.808043
    ],
    [
        51.276371,
        37.807407
    ],
    [
        51.276386,
        37.807356
    ],
    [
        51.276303,
        37.807243
    ],
    [
        51.276084,
        37.806663
    ],
    [
        51.275814,
        37.8059
    ],
    [
        51.275574,
        37.805306
    ],
    [
        51.275198,
        37.804267
    ],
    [
        51.275032,
        37.803815
    ],
    [
        51.275061,
        37.803703
    ],
    [
        51.275284,
        37.803475
    ],
    [
        51.275495,
        37.803235
    ],
    [
        51.275535,
        37.803233
    ],
    [
        51.275599,
        37.803145
    ],
    [
        51.276031,
        37.80273
    ],
    [
        51.276634,
        37.802112
    ],
    [
        51.277285,
        37.801497
    ],
    [
        51.277737,
        37.801077
    ],
    [
        51.277748,
        37.801066
    ],
    [
        51.277778,
        37.801076
    ],
    [
        51.277809,
        37.800988
    ],
    [
        51.277915,
        37.800908
    ],
    [
        51.277932,
        37.800908
    ],
    [
        51.278043,
        37.800789
    ],
    [
        51.278529,
        37.800321
    ],
    [
        51.2789,
        37.799969
    ],
    [
        51.279278,
        37.799592
    ],
    [
        51.279532,
        37.799355
    ],
    [
        51.279769,
        37.799112
    ],
    [
        51.279994,
        37.798912
    ],
    [
        51.280283,
        37.79863
    ],
    [
        51.280513,
        37.798411
    ],
    [
        51.280771,
        37.798166
    ],
    [
        51.281157,
        37.797787
    ],
    [
        51.281261,
        37.797676
    ],
    [
        51.28159,
        37.797359
    ],
    [
        51.281858,
        37.797133
    ],
    [
        51.282,
        37.796998
    ],
    [
        51.282421,
        37.796577
    ],
    [
        51.282427,
        37.796576
    ],
    [
        51.282537,
        37.796463
    ],
    [
        51.282709,
        37.796331
    ],
    [
        51.282726,
        37.796363
    ],
    [
        51.277661,
        37.726599
    ],
    [
        51.27775,
        37.727792
    ],
    [
        51.277845,
        37.729278
    ],
    [
        51.277873,
        37.730019
    ],
    [
        51.277947,
        37.731301
    ],
    [
        51.278027,
        37.731934
    ],
    [
        51.278135,
        37.732268
    ],
    [
        51.27829,
        37.732539
    ],
    [
        51.278457,
        37.732768
    ],
    [
        51.278916,
        37.733301
    ],
    [
        51.279456,
        37.733949
    ],
    [
        51.279686,
        37.734201
    ],
    [
        51.279997,
        37.734544
    ],
    [
        51.280147,
        37.73479
    ],
    [
        51.28027,
        37.735209
    ],
    [
        51.280309,
        37.735502
    ],
    [
        51.280339,
        37.73586
    ],
    [
        51.280382,
        37.736671
    ],
    [
        51.280457,
        37.737483
    ],
    [
        51.28053,
        37.738247
    ],
    [
        51.280593,
        37.739049
    ],
    [
        51.280641,
        37.739706
    ],
    [
        51.280743,
        37.741456
    ],
    [
        51.280798,
        37.742308
    ],
    [
        51.280889,
        37.74376
    ],
    [
        51.280938,
        37.744563
    ],
    [
        51.280952,
        37.745296
    ],
    [
        51.28098,
        37.745929
    ],
    [
        51.280969,
        37.74671
    ],
    [
        51.280946,
        37.747373
    ],
    [
        51.280908,
        37.748214
    ],
    [
        51.280892,
        37.748791
    ],
    [
        51.280898,
        37.749321
    ],
    [
        51.280895,
        37.749762
    ],
    [
        51.280943,
        37.750371
    ],
    [
        51.281003,
        37.750759
    ],
    [
        51.281087,
        37.751246
    ],
    [
        51.28114,
        37.751657
    ],
    [
        51.281238,
        37.752321
    ],
    [
        51.281295,
        37.75276
    ],
    [
        51.281432,
        37.753737
    ],
    [
        51.281492,
        37.754285
    ],
    [
        51.281583,
        37.755067
    ],
    [
        51.281633,
        37.755683
    ],
    [
        51.281891,
        37.757978
    ],
    [
        51.282041,
        37.759831
    ],
    [
        51.282115,
        37.761567
    ],
    [
        51.282175,
        37.763106
    ],
    [
        51.282227,
        37.763835
    ],
    [
        51.282348,
        37.765422
    ],
    [
        51.282461,
        37.767033
    ],
    [
        51.28257,
        37.768635
    ],
    [
        51.282718,
        37.770725
    ],
    [
        51.282936,
        37.773113
    ],
    [
        51.283109,
        37.774892
    ],
    [
        51.283256,
        37.776311
    ],
    [
        51.283374,
        37.777458
    ],
    [
        51.283514,
        37.778643
    ],
    [
        51.283652,
        37.779989
    ],
    [
        51.283811,
        37.781396
    ],
    [
        51.283971,
        37.782758
    ],
    [
        51.284092,
        37.784068
    ],
    [
        51.284236,
        37.785278
    ],
    [
        51.284426,
        37.787011
    ],
    [
        51.284426,
        37.787627
    ],
    [
        51.284297,
        37.787884
    ],
    [
        51.2843,
        37.788178
    ],
    [
        51.284404,
        37.78838
    ],
    [
        51.284513,
        37.788505
    ],
    [
        51.284655,
        37.788944
    ],
    [
        51.28472,
        37.789348
    ],
    [
        51.284822,
        37.790136
    ],
    [
        51.284959,
        37.791421
    ],
    [
        51.285112,
        37.792648
    ],
    [
        51.285088,
        37.792981
    ],
    [
        51.285171,
        37.793235
    ],
    [
        51.285261,
        37.79402
    ],
    [
        51.285343,
        37.794721
    ],
    [
        51.285403,
        37.795241
    ],
    [
        51.285056,
        37.79535
    ],
    [
        51.284758,
        37.795432
    ],
    [
        51.284711,
        37.795358
    ],
    [
        51.284654,
        37.795464
    ],
    [
        51.284388,
        37.795529
    ],
    [
        51.284115,
        37.795613
    ],
    [
        51.283792,
        37.795709
    ],
    [
        51.283531,
        37.795819
    ],
    [
        51.283223,
        37.795972
    ],
    [
        51.282976,
        37.796099
    ],
    [
        51.282954,
        37.796075
    ],
    [
        51.282923,
        37.796129
    ],
    [
        51.282814,
        37.796194
    ],
    [
        51.282524,
        37.796438
    ],
    [
        51.282277,
        37.796668
    ],
    [
        51.282095,
        37.796842
    ],
    [
        51.281825,
        37.797101
    ],
    [
        51.281513,
        37.797393
    ],
    [
        51.281272,
        37.797631
    ],
    [
        51.281151,
        37.797745
    ],
    [
        51.280841,
        37.798055
    ],
    [
        51.280636,
        37.798242
    ],
    [
        51.280415,
        37.798454
    ],
    [
        51.280179,
        37.798675
    ],
    [
        51.279839,
        37.799001
    ],
    [
        51.279607,
        37.799229
    ],
    [
        51.279355,
        37.799471
    ],
    [
        51.278995,
        37.799816
    ],
    [
        51.278687,
        37.800107
    ],
    [
        51.278417,
        37.800367
    ],
    [
        51.278005,
        37.800766
    ],
    [
        51.277712,
        37.801041
    ],
    [
        51.277444,
        37.801298
    ],
    [
        51.277408,
        37.801295
    ],
    [
        51.277394,
        37.801352
    ],
    [
        51.276836,
        37.801875
    ],
    [
        51.276316,
        37.802398
    ],
    [
        51.275776,
        37.802928
    ],
    [
        51.275359,
        37.803346
    ],
    [
        51.275048,
        37.803677
    ],
    [
        51.275017,
        37.803793
    ],
    [
        51.275021,
        37.803864
    ],
    [
        51.27507,
        37.803988
    ],
    [
        51.275059,
        37.804065
    ],
    [
        51.275118,
        37.804112
    ],
    [
        51.275548,
        37.805252
    ],
    [
        51.275925,
        37.806242
    ],
    [
        51.276153,
        37.806882
    ],
    [
        51.27613,
        37.806959
    ],
    [
        51.276225,
        37.807083
    ],
    [
        51.27636,
        37.807444
    ],
    [
        51.27658,
        37.808078
    ],
    [
        51.276889,
        37.808574
    ],
    [
        51.27717,
        37.808944
    ],
    [
        51.277642,
        37.809545
    ],
    [
        51.277898,
        37.809856
    ],
    [
        51.278182,
        37.81019
    ],
    [
        51.278365,
        37.810403
    ],
    [
        51.278643,
        37.810756
    ],
    [
        51.278663,
        37.810882
    ],
    [
        51.278654,
        37.811037
    ],
    [
        51.278654,
        37.811206
    ],
    [
        51.278701,
        37.811263
    ],
    [
        51.278983,
        37.811517
    ],
    [
        51.279078,
        37.811557
    ],
    [
        51.279398,
        37.811989
    ],
    [
        51.279721,
        37.81237
    ],
    [
        51.279976,
        37.81274
    ],
    [
        51.280003,
        37.81281
    ],
    [
        51.280011,
        37.812851
    ],
    [
        51.28001,
        37.812827
    ],
    [
        51.280134,
        37.812907
    ],
    [
        51.280295,
        37.813103
    ],
    [
        51.280636,
        37.813518
    ],
    [
        51.280938,
        37.813899
    ],
    [
        51.281255,
        37.814293
    ],
    [
        51.28154,
        37.814637
    ],
    [
        51.281798,
        37.814963
    ],
    [
        51.28228,
        37.815549
    ],
    [
        51.282301,
        37.81564
    ],
    [
        51.282397,
        37.815665
    ],
    [
        51.282565,
        37.815833
    ],
    [
        51.282656,
        37.815686
    ],
    [
        51.282652,
        37.815565
    ],
    [
        51.282189,
        37.814974
    ],
    [
        51.282172,
        37.814906
    ],
    [
        51.28211,
        37.814898
    ],
    [
        51.281713,
        37.814412
    ],
    [
        51.281416,
        37.814041
    ],
    [
        51.28102,
        37.813547
    ],
    [
        51.280716,
        37.813149
    ],
    [
        51.280388,
        37.812743
    ],
    [
        51.280084,
        37.812331
    ],
    [
        51.279732,
        37.811893
    ],
    [
        51.279726,
        37.811825
    ],
    [
        51.27962,
        37.811765
    ],
    [
        51.279339,
        37.811428
    ],
    [
        51.279119,
        37.811279
    ],
    [
        51.278846,
        37.810995
    ],
    [
        51.278615,
        37.810695
    ],
    [
        51.278284,
        37.810305
    ],
    [
        51.277964,
        37.809903
    ],
    [
        51.277695,
        37.809571
    ],
    [
        51.277413,
        37.80925
    ],
    [
        51.27713,
        37.808853
    ],
    [
        51.276879,
        37.80853
    ],
    [
        51.276606,
        37.808087
    ],
    [
        51.276397,
        37.807486
    ],
    [
        51.276373,
        37.807394
    ],
    [
        51.276385,
        37.807369
    ],
    [
        51.276347,
        37.80734
    ],
    [
        51.276231,
        37.807014
    ],
    [
        51.276042,
        37.806519
    ],
    [
        51.275794,
        37.805849
    ],
    [
        51.275658,
        37.805481
    ],
    [
        51.275446,
        37.8049
    ],
    [
        51.275261,
        37.80443
    ],
    [
        51.275099,
        37.804
    ],
    [
        51.275042,
        37.803848
    ],
    [
        51.27506,
        37.803715
    ],
    [
        51.275149,
        37.803622
    ],
    [
        51.275372,
        37.803384
    ],
    [
        51.275532,
        37.803229
    ],
    [
        51.275553,
        37.803247
    ],
    [
        51.275606,
        37.803153
    ],
    [
        51.276128,
        37.802627
    ],
    [
        51.276488,
        37.802271
    ],
    [
        51.276889,
        37.80188
    ],
    [
        51.27721,
        37.801571
    ],
    [
        51.277571,
        37.801231
    ],
    [
        51.277751,
        37.801064
    ],
    [
        51.277787,
        37.801072
    ],
    [
        51.277817,
        37.801002
    ],
    [
        51.277883,
        37.800936
    ],
    [
        51.278087,
        37.800744
    ],
    [
        51.278302,
        37.800524
    ],
    [
        51.278587,
        37.800269
    ],
    [
        51.27888,
        37.799988
    ],
    [
        51.279112,
        37.799749
    ],
    [
        51.279502,
        37.799377
    ],
    [
        51.279762,
        37.799131
    ],
    [
        51.279991,
        37.798907
    ],
    [
        51.280326,
        37.798592
    ],
    [
        51.280577,
        37.798354
    ],
    [
        51.280866,
        37.79809
    ],
    [
        51.281169,
        37.797777
    ],
    [
        51.281406,
        37.797542
    ],
    [
        51.281626,
        37.79734
    ],
    [
        51.281908,
        37.797077
    ],
    [
        51.282075,
        37.796916
    ],
    [
        51.28229,
        37.796701
    ],
    [
        51.282504,
        37.796514
    ],
    [
        51.282701,
        37.796341
    ],
    [
        51.28273,
        37.796363
    ],
    [
        51.282764,
        37.796286
    ],
    [
        51.282861,
        37.796209
    ],
    [
        51.28305,
        37.796114
    ],
    [
        51.283328,
        37.795965
    ],
    [
        51.283585,
        37.79584
    ],
    [
        51.283846,
        37.795746
    ],
    [
        51.284095,
        37.795665
    ],
    [
        51.284455,
        37.795542
    ],
    [
        51.284725,
        37.795463
    ],
    [
        51.285133,
        37.795348
    ],
    [
        51.285421,
        37.795281
    ],
    [
        51.28527,
        37.793893
    ],
    [
        51.285293,
        37.793804
    ],
    [
        51.285248,
        37.793584
    ],
    [
        51.285108,
        37.79257
    ],
    [
        51.284946,
        37.791139
    ],
    [
        51.284764,
        37.789577
    ],
    [
        51.284688,
        37.788983
    ],
    [
        51.284685,
        37.788637
    ],
    [
        51.284706,
        37.788393
    ],
    [
        51.284824,
        37.788154
    ],
    [
        51.284809,
        37.787791
    ],
    [
        51.284684,
        37.787607
    ],
    [
        51.284609,
        37.787497
    ],
    [
        51.284421,
        37.786911
    ],
    [
        51.284309,
        37.785916
    ],
    [
        51.284232,
        37.785106
    ],
    [
        51.284123,
        37.784194
    ],
    [
        51.284044,
        37.783358
    ],
    [
        51.283942,
        37.782405
    ],
    [
        51.28386,
        37.781806
    ],
    [
        51.283561,
        37.779037
    ],
    [
        51.283178,
        37.775691
    ],
    [
        51.282998,
        37.77365
    ],
    [
        51.282719,
        37.770939
    ],
    [
        51.282571,
        37.768294
    ],
    [
        51.282206,
        37.763541
    ],
    [
        51.282115,
        37.762255
    ],
    [
        51.282072,
        37.760525
    ],
    [
        51.2819,
        37.758072
    ],
    [
        51.281512,
        37.754298
    ],
    [
        51.280961,
        37.75052
    ],
    [
        51.280872,
        37.749619
    ],
    [
        51.280901,
        37.748524
    ],
    [
        51.280954,
        37.746972
    ],
    [
        51.280976,
        37.746132
    ],
    [
        51.280947,
        37.744743
    ],
    [
        51.280878,
        37.74328
    ],
    [
        51.280626,
        37.739354
    ],
    [
        51.280399,
        37.736724
    ],
    [
        51.280333,
        37.735613
    ],
    [
        51.280163,
        37.734842
    ],
    [
        51.279815,
        37.734288
    ],
    [
        51.279188,
        37.73359
    ],
    [
        51.278371,
        37.732682
    ],
    [
        51.278017,
        37.732004
    ],
    [
        51.27789,
        37.730151
    ],
    [
        51.277784,
        37.728064
    ],
    [
        51.277741,
        37.727573
    ],
    [
        51.277674,
        37.726851
    ],
    [
        51.277659,
        37.726622
    ],
    [
        51.279718,
        37.811813
    ],
    [
        51.279402,
        37.811505
    ],
    [
        51.279182,
        37.811338
    ],
    [
        51.279019,
        37.811178
    ],
    [
        51.278794,
        37.810938
    ],
    [
        51.278722,
        37.810923
    ],
    [
        51.278641,
        37.810996
    ],
    [
        51.278612,
        37.811081
    ],
    [
        51.278526,
        37.811108
    ],
    [
        51.278432,
        37.811089
    ],
    [
        51.278181,
        37.810928
    ],
    [
        51.27791,
        37.81073
    ],
    [
        51.277664,
        37.810581
    ],
    [
        51.27745,
        37.810442
    ],
    [
        51.277181,
        37.810283
    ],
    [
        51.276912,
        37.810084
    ],
    [
        51.276597,
        37.809905
    ],
    [
        51.27628,
        37.809674
    ],
    [
        51.27597,
        37.809469
    ],
    [
        51.275521,
        37.809193
    ],
    [
        51.275168,
        37.80893
    ],
    [
        51.274834,
        37.808723
    ],
    [
        51.274629,
        37.808589
    ],
    [
        51.274355,
        37.808397
    ],
    [
        51.27407,
        37.808207
    ],
    [
        51.273798,
        37.808029
    ],
    [
        51.273527,
        37.807844
    ],
    [
        51.273247,
        37.80769
    ],
    [
        51.27304,
        37.807534
    ],
    [
        51.272809,
        37.807374
    ],
    [
        51.272627,
        37.80726
    ],
    [
        51.272516,
        37.807159
    ],
    [
        51.27239,
        37.807038
    ],
    [
        51.272324,
        37.806916
    ],
    [
        51.272207,
        37.806697
    ],
    [
        51.272086,
        37.806438
    ],
    [
        51.272042,
        37.806162
    ],
    [
        51.271947,
        37.806003
    ],
    [
        51.271849,
        37.805933
    ],
    [
        51.271726,
        37.805947
    ],
    [
        51.271641,
        37.805849
    ],
    [
        51.271481,
        37.805664
    ],
    [
        51.27131,
        37.805374
    ],
    [
        51.270958,
        37.804716
    ],
    [
        51.270067,
        37.803101
    ],
    [
        51.269082,
        37.801261
    ],
    [
        51.267903,
        37.799078
    ],
    [
        51.266812,
        37.797094
    ],
    [
        51.266301,
        37.796127
    ],
    [
        51.265388,
        37.795056
    ],
    [
        51.264241,
        37.793749
    ],
    [
        51.26276,
        37.792101
    ],
    [
        51.261558,
        37.790756
    ],
    [
        51.26026,
        37.789293
    ],
    [
        51.259055,
        37.787944
    ],
    [
        51.258671,
        37.787544
    ],
    [
        51.258084,
        37.786572
    ],
    [
        51.257952,
        37.786406
    ],
    [
        51.257157,
        37.784909
    ],
    [
        51.256603,
        37.783824
    ],
    [
        51.255373,
        37.781483
    ],
    [
        51.254559,
        37.779889
    ],
    [
        51.253383,
        37.77759
    ],
    [
        51.252854,
        37.776499
    ],
    [
        51.252824,
        37.776494
    ],
    [
        51.252491,
        37.776656
    ],
    [
        51.252187,
        37.777037
    ],
    [
        51.251804,
        37.777525
    ],
    [
        51.251236,
        37.77825
    ],
    [
        51.250755,
        37.778868
    ],
    [
        51.250319,
        37.779429
    ],
    [
        51.250211,
        37.779482
    ],
    [
        51.250032,
        37.779629
    ],
    [
        51.24965,
        37.77995
    ],
    [
        51.249593,
        37.779986
    ],
    [
        51.249295,
        37.780077
    ],
    [
        51.249101,
        37.780059
    ],
    [
        51.248892,
        37.78005
    ],
    [
        51.248378,
        37.779825
    ],
    [
        51.247812,
        37.779575
    ],
    [
        51.247099,
        37.779262
    ],
    [
        51.246564,
        37.779026
    ],
    [
        51.246367,
        37.778982
    ],
    [
        51.246182,
        37.77901
    ],
    [
        51.246,
        37.779085
    ],
    [
        51.245666,
        37.779355
    ],
    [
        51.245428,
        37.779575
    ],
    [
        51.245162,
        37.77982
    ],
    [
        51.244829,
        37.780122
    ],
    [
        51.244626,
        37.780377
    ],
    [
        51.244433,
        37.780744
    ],
    [
        51.244372,
        37.780911
    ],
    [
        51.244255,
        37.78134
    ],
    [
        51.244127,
        37.782005
    ],
    [
        51.2439,
        37.783206
    ],
    [
        51.243814,
        37.783683
    ],
    [
        51.243759,
        37.78395
    ],
    [
        51.243339,
        37.784088
    ],
    [
        51.243291,
        37.784319
    ],
    [
        51.243027,
        37.784734
    ],
    [
        51.243291,
        37.785006
    ],
    [
        51.243534,
        37.785105
    ],
    [
        51.243743,
        37.784039
    ],
    [
        51.243952,
        37.782953
    ],
    [
        51.244063,
        37.782347
    ],
    [
        51.244257,
        37.781323
    ],
    [
        51.244425,
        37.780761
    ],
    [
        51.24462,
        37.780381
    ],
    [
        51.244789,
        37.780157
    ],
    [
        51.245232,
        37.779758
    ],
    [
        51.245666,
        37.779354
    ],
    [
        51.246007,
        37.779079
    ],
    [
        51.246351,
        37.778975
    ],
    [
        51.246563,
        37.779025
    ],
    [
        51.246793,
        37.779123
    ],
    [
        51.247142,
        37.77928
    ],
    [
        51.247535,
        37.779456
    ],
    [
        51.247796,
        37.779571
    ],
    [
        51.248023,
        37.779668
    ],
    [
        51.248354,
        37.779814
    ],
    [
        51.248678,
        37.779957
    ],
    [
        51.248889,
        37.780051
    ],
    [
        51.249148,
        37.780065
    ],
    [
        51.249297,
        37.780069
    ],
    [
        51.249618,
        37.779983
    ],
    [
        51.249837,
        37.779926
    ],
    [
        51.250011,
        37.779764
    ],
    [
        51.250177,
        37.77961
    ],
    [
        51.250319,
        37.779432
    ],
    [
        51.25046,
        37.779242
    ],
    [
        51.250759,
        37.778862
    ],
    [
        51.250983,
        37.778575
    ],
    [
        51.251292,
        37.77818
    ],
    [
        51.251622,
        37.777758
    ],
    [
        51.251902,
        37.777401
    ],
    [
        51.252145,
        37.777091
    ],
    [
        51.252486,
        37.776657
    ],
    [
        51.252835,
        37.776489
    ],
    [
        51.252874,
        37.776541
    ],
    [
        51.253315,
        37.777443
    ],
    [
        51.25759,
        37.785706
    ],
    [
        51.25875,
        37.787634
    ],
    [
        51.261009,
        37.79015
    ],
    [
        51.264138,
        37.793644
    ],
    [
        51.266293,
        37.796153
    ],
    [
        51.268178,
        37.799596
    ],
    [
        51.270742,
        37.804326
    ],
    [
        51.271451,
        37.805597
    ],
    [
        51.271539,
        37.806171
    ],
    [
        51.271599,
        37.806664
    ],
    [
        51.271799,
        37.806792
    ],
    [
        51.27199,
        37.806766
    ],
    [
        51.27226,
        37.806942
    ],
    [
        51.27261,
        37.807248
    ],
    [
        51.273435,
        37.80784
    ],
    [
        51.274476,
        37.808513
    ],
    [
        51.275656,
        37.809277
    ],
    [
        51.276852,
        37.81007
    ],
    [
        51.277562,
        37.810518
    ],
    [
        51.278222,
        37.810961
    ],
    [
        51.278655,
        37.811246
    ],
    [
        51.279034,
        37.811517
    ],
    [
        51.279494,
        37.812105
    ],
    [
        51.280002,
        37.812766
    ],
    [
        51.28001,
        37.812844
    ],
    [
        51.280084,
        37.812865
    ],
    [
        51.280401,
        37.813238
    ],
    [
        51.280649,
        37.813552
    ],
    [
        51.280929,
        37.813907
    ],
    [
        51.281227,
        37.814258
    ],
    [
        51.281613,
        37.814727
    ],
    [
        51.282043,
        37.815272
    ],
    [
        51.282289,
        37.815558
    ],
    [
        51.282303,
        37.815638
    ],
    [
        51.282401,
        37.815702
    ],
    [
        51.282548,
        37.815856
    ],
    [
        51.282885,
        37.816192
    ],
    [
        51.283162,
        37.816526
    ],
    [
        51.283486,
        37.816904
    ],
    [
        51.283722,
        37.817225
    ],
    [
        51.2841,
        37.817702
    ],
    [
        51.284343,
        37.818007
    ],
    [
        51.284626,
        37.818353
    ],
    [
        51.2849,
        37.8187
    ],
    [
        51.285087,
        37.818934
    ],
    [
        51.285365,
        37.819305
    ],
    [
        51.285583,
        37.819591
    ],
    [
        51.285883,
        37.819987
    ],
    [
        51.286106,
        37.820292
    ],
    [
        51.286103,
        37.820355
    ],
    [
        51.286179,
        37.820375
    ],
    [
        51.286558,
        37.820872
    ],
    [
        51.286806,
        37.821193
    ],
    [
        51.2869,
        37.821348
    ],
    [
        51.286901,
        37.821755
    ],
    [
        51.286949,
        37.822295
    ],
    [
        51.287078,
        37.822434
    ],
    [
        51.287242,
        37.822421
    ],
    [
        51.28756,
        37.822257
    ],
    [
        51.287684,
        37.821999
    ],
    [
        51.287713,
        37.821793
    ],
    [
        51.28766,
        37.821554
    ],
    [
        51.287537,
        37.82078
    ],
    [
        51.287474,
        37.820403
    ],
    [
        51.287354,
        37.820283
    ],
    [
        51.287225,
        37.820332
    ],
    [
        51.287123,
        37.820472
    ],
    [
        51.286963,
        37.820838
    ],
    [
        51.286834,
        37.82078
    ],
    [
        51.286405,
        37.820263
    ],
    [
        51.2864,
        37.820193
    ],
    [
        51.243228,
        37.794705
    ],
    [
        51.243435,
        37.793605
    ],
    [
        51.243324,
        37.793205
    ],
    [
        51.243312,
        37.792879
    ],
    [
        51.243471,
        37.791969
    ],
    [
        51.243886,
        37.789777
    ],
    [
        51.244,
        37.789143
    ],
    [
        51.242921,
        37.788654
    ],
    [
        51.243111,
        37.787431
    ],
    [
        51.243452,
        37.785592
    ],
    [
        51.243762,
        37.783937
    ],
    [
        51.243216,
        37.784144
    ],
    [
        51.243104,
        37.784881
    ],
    [
        51.243539,
        37.785115
    ],
    [
        51.243907,
        37.783156
    ],
    [
        51.244256,
        37.78131
    ],
    [
        51.244439,
        37.780725
    ],
    [
        51.244621,
        37.780382
    ],
    [
        51.244807,
        37.780143
    ],
    [
        51.245211,
        37.779778
    ],
    [
        51.245786,
        37.779245
    ],
    [
        51.246014,
        37.779073
    ],
    [
        51.246202,
        37.779009
    ],
    [
        51.246364,
        37.778978
    ],
    [
        51.246554,
        37.779024
    ],
    [
        51.247325,
        37.779362
    ],
    [
        51.248168,
        37.779734
    ],
    [
        51.248902,
        37.780057
    ],
    [
        51.249307,
        37.78007
    ],
    [
        51.249843,
        37.779928
    ],
    [
        51.250146,
        37.779641
    ],
    [
        51.250346,
        37.779392
    ],
    [
        51.251132,
        37.778377
    ],
    [
        51.251742,
        37.7776
    ],
    [
        51.252481,
        37.776661
    ],
    [
        51.252847,
        37.776482
    ],
    [
        51.253455,
        37.77773
    ],
    [
        51.254437,
        37.77967
    ],
    [
        51.255294,
        37.781324
    ],
    [
        51.256199,
        37.783129
    ],
    [
        51.257039,
        37.784677
    ],
    [
        51.258039,
        37.786554
    ],
    [
        51.258676,
        37.787529
    ],
    [
        51.259648,
        37.788628
    ],
    [
        51.260724,
        37.789845
    ],
    [
        51.261805,
        37.791039
    ],
    [
        51.263042,
        37.792427
    ],
    [
        51.264266,
        37.793811
    ],
    [
        51.265397,
        37.795069
    ],
    [
        51.266361,
        37.796245
    ],
    [
        51.267135,
        37.797725
    ],
    [
        51.267981,
        37.799277
    ],
    [
        51.268689,
        37.800559
    ],
    [
        51.269552,
        37.802163
    ],
    [
        51.270792,
        37.804397
    ],
    [
        51.271439,
        37.805634
    ],
    [
        51.271559,
        37.806231
    ],
    [
        51.271536,
        37.806487
    ],
    [
        51.27166,
        37.806757
    ],
    [
        51.271812,
        37.806822
    ],
    [
        51.271944,
        37.806746
    ],
    [
        51.272155,
        37.806879
    ],
    [
        51.272425,
        37.807082
    ],
    [
        51.27258,
        37.807264
    ],
    [
        51.272931,
        37.807497
    ],
    [
        51.273526,
        37.807891
    ],
    [
        51.273695,
        37.808003
    ],
    [
        51.274461,
        37.808491
    ],
    [
        51.275309,
        37.809051
    ],
    [
        51.276108,
        37.809585
    ],
    [
        51.276896,
        37.810099
    ],
    [
        51.27757,
        37.810532
    ],
    [
        51.278273,
        37.811009
    ],
    [
        51.278746,
        37.811292
    ],
    [
        51.278945,
        37.811494
    ],
    [
        51.279072,
        37.811501
    ],
    [
        51.279104,
        37.811395
    ],
    [
        51.279081,
        37.811229
    ],
    [
        51.278877,
        37.811013
    ],
    [
        51.278676,
        37.810775
    ],
    [
        51.277997,
        37.809931
    ],
    [
        51.277491,
        37.809333
    ],
    [
        51.276985,
        37.808656
    ],
    [
        51.276708,
        37.808253
    ],
    [
        51.276594,
        37.808043
    ],
    [
        51.276383,
        37.80741
    ],
    [
        51.276391,
        37.807362
    ],
    [
        51.276341,
        37.807296
    ],
    [
        51.276124,
        37.806709
    ],
    [
        51.275893,
        37.806091
    ],
    [
        51.275659,
        37.805461
    ],
    [
        51.275429,
        37.804863
    ],
    [
        51.275181,
        37.80422
    ],
    [
        51.275046,
        37.803861
    ],
    [
        51.275045,
        37.803773
    ],
    [
        51.27507,
        37.803698
    ],
    [
        51.27515,
        37.80362
    ],
    [
        51.275331,
        37.803433
    ],
    [
        51.275517,
        37.803232
    ],
    [
        51.275547,
        37.803252
    ],
    [
        51.275577,
        37.803179
    ],
    [
        51.275758,
        37.803
    ],
    [
        51.276062,
        37.802685
    ],
    [
        51.276457,
        37.802301
    ],
    [
        51.276803,
        37.801955
    ],
    [
        51.277026,
        37.801742
    ],
    [
        51.277357,
        37.801432
    ],
    [
        51.277648,
        37.80116
    ],
    [
        51.277749,
        37.801057
    ],
    [
        51.277779,
        37.801074
    ],
    [
        51.277817,
        37.801001
    ],
    [
        51.2781,
        37.800725
    ],
    [
        51.278403,
        37.800436
    ],
    [
        51.278738,
        37.800115
    ],
    [
        51.278979,
        37.799884
    ],
    [
        51.279259,
        37.799605
    ],
    [
        51.279716,
        37.799157
    ],
    [
        51.280169,
        37.798724
    ],
    [
        51.280597,
        37.798334
    ],
    [
        51.281026,
        37.797912
    ],
    [
        51.281431,
        37.797517
    ],
    [
        51.282045,
        37.796922
    ],
    [
        51.282574,
        37.796426
    ],
    [
        51.282709,
        37.796322
    ],
    [
        51.282738,
        37.796359
    ],
    [
        51.2579,
        37.7526
    ],
    [
        51.257884,
        37.752934
    ],
    [
        51.258253,
        37.752743
    ],
    [
        51.258305,
        37.753009
    ],
    [
        51.258464,
        37.753842
    ],
    [
        51.259281,
        37.75418
    ],
    [
        51.260064,
        37.754503
    ],
    [
        51.261102,
        37.754927
    ],
    [
        51.26195,
        37.755275
    ],
    [
        51.262826,
        37.755635
    ],
    [
        51.263454,
        37.755906
    ],
    [
        51.264149,
        37.75621
    ],
    [
        51.264803,
        37.756485
    ],
    [
        51.2651,
        37.756824
    ],
    [
        51.265202,
        37.75766
    ],
    [
        51.265216,
        37.757871
    ],
    [
        51.265298,
        37.758109
    ],
    [
        51.265517,
        37.75831
    ],
    [
        51.265966,
        37.758396
    ],
    [
        51.266352,
        37.758252
    ],
    [
        51.266624,
        37.758132
    ],
    [
        51.267814,
        37.757804
    ],
    [
        51.269226,
        37.757449
    ],
    [
        51.270382,
        37.757175
    ],
    [
        51.27109,
        37.757002
    ],
    [
        51.272013,
        37.756792
    ],
    [
        51.273088,
        37.756564
    ],
    [
        51.274117,
        37.756334
    ],
    [
        51.275385,
        37.756062
    ],
    [
        51.276718,
        37.755785
    ],
    [
        51.28155,
        37.754788
    ],
    [
        51.281913,
        37.75798
    ],
    [
        51.282095,
        37.760247
    ],
    [
        51.282138,
        37.762776
    ],
    [
        51.282423,
        37.766465
    ],
    [
        51.282665,
        37.7701
    ],
    [
        51.283072,
        37.774564
    ],
    [
        51.283739,
        37.780836
    ],
    [
        51.284214,
        37.785023
    ],
    [
        51.284434,
        37.787046
    ],
    [
        51.284421,
        37.787626
    ],
    [
        51.284303,
        37.787899
    ],
    [
        51.284309,
        37.788181
    ],
    [
        51.284474,
        37.78846
    ],
    [
        51.284598,
        37.788762
    ],
    [
        51.284701,
        37.789283
    ],
    [
        51.284913,
        37.790984
    ],
    [
        51.285074,
        37.792401
    ],
    [
        51.285102,
        37.792973
    ],
    [
        51.285175,
        37.793274
    ],
    [
        51.285328,
        37.794619
    ],
    [
        51.285505,
        37.796105
    ],
    [
        51.285684,
        37.797591
    ],
    [
        51.285847,
        37.799005
    ],
    [
        51.286083,
        37.800973
    ],
    [
        51.286201,
        37.801996
    ],
    [
        51.28618,
        37.802072
    ],
    [
        51.28623,
        37.802265
    ],
    [
        51.286394,
        37.803617
    ],
    [
        51.286547,
        37.804901
    ],
    [
        51.286691,
        37.80602
    ],
    [
        51.286802,
        37.806995
    ],
    [
        51.286931,
        37.808029
    ],
    [
        51.286972,
        37.808413
    ],
    [
        51.286939,
        37.808513
    ],
    [
        51.287012,
        37.808737
    ],
    [
        51.287183,
        37.810172
    ],
    [
        51.287324,
        37.811417
    ],
    [
        51.287435,
        37.81245
    ],
    [
        51.287402,
        37.812527
    ],
    [
        51.287463,
        37.812696
    ],
    [
        51.287598,
        37.813771
    ],
    [
        51.28774,
        37.815026
    ],
    [
        51.287834,
        37.815945
    ],
    [
        51.287849,
        37.816589
    ],
    [
        51.287834,
        37.81723
    ],
    [
        51.287725,
        37.817923
    ],
    [
        51.287558,
        37.818869
    ],
    [
        51.287457,
        37.819376
    ],
    [
        51.287379,
        37.819503
    ],
    [
        51.287408,
        37.819665
    ],
    [
        51.287231,
        37.820203
    ],
    [
        51.287084,
        37.820548
    ],
    [
        51.286961,
        37.820841
    ],
    [
        51.286899,
        37.821165
    ],
    [
        51.286901,
        37.821555
    ],
    [
        51.286929,
        37.822201
    ],
    [
        51.286981,
        37.822375
    ],
    [
        51.287091,
        37.822451
    ],
    [
        51.287197,
        37.822449
    ],
    [
        51.287666,
        37.82223
    ],
    [
        51.288469,
        37.823099
    ],
    [
        51.289122,
        37.82384
    ],
    [
        51.289666,
        37.824449
    ],
    [
        51.289686,
        37.824527
    ],
    [
        51.289827,
        37.824601
    ],
    [
        51.290568,
        37.825407
    ],
    [
        51.29127,
        37.826176
    ],
    [
        51.291619,
        37.826621
    ],
    [
        51.292375,
        37.827569
    ],
    [
        51.293012,
        37.82839
    ],
    [
        51.293747,
        37.829352
    ],
    [
        51.294223,
        37.83
    ],
    [
        51.294691,
        37.83074
    ],
    [
        51.295084,
        37.831581
    ],
    [
        51.295347,
        37.832188
    ],
    [
        51.295896,
        37.833411
    ],
    [
        51.296474,
        37.834713
    ],
    [
        51.296578,
        37.834971
    ],
    [
        51.296656,
        37.835041
    ],
    [
        51.296661,
        37.835094
    ],
    [
        51.296227,
        37.835548
    ],
    [
        51.296001,
        37.835798
    ],
    [
        51.295929,
        37.835783
    ],
    [
        51.295897,
        37.835898
    ],
    [
        51.295264,
        37.836622
    ],
    [
        51.295077,
        37.836819
    ],
    [
        51.295555,
        37.837891
    ],
    [
        51.296299,
        37.839534
    ],
    [
        51.29703,
        37.841191
    ],
    [
        51.297519,
        37.842316
    ],
    [
        51.298053,
        37.843488
    ],
    [
        51.298459,
        37.844379
    ],
    [
        51.298806,
        37.845088
    ],
    [
        51.299365,
        37.846325
    ],
    [
        51.299666,
        37.847053
    ],
    [
        51.299662,
        37.847106
    ],
    [
        51.29972,
        37.847163
    ],
    [
        51.300142,
        37.848057
    ],
    [
        51.300593,
        37.849056
    ],
    [
        51.301461,
        37.85095
    ],
    [
        51.302038,
        37.852215
    ],
    [
        51.302421,
        37.852626
    ],
    [
        51.30255,
        37.852803
    ],
    [
        51.302565,
        37.85285
    ],
    [
        51.302643,
        37.852886
    ],
    [
        51.303012,
        37.853287
    ],
    [
        51.30347,
        37.853923
    ],
    [
        51.304088,
        37.854776
    ],
    [
        51.304597,
        37.855686
    ],
    [
        51.304936,
        37.856281
    ],
    [
        51.305227,
        37.857026
    ],
    [
        51.305633,
        37.857972
    ],
    [
        51.30561,
        37.858055
    ],
    [
        51.305698,
        37.858108
    ],
    [
        51.305987,
        37.858711
    ],
    [
        51.306541,
        37.859855
    ],
    [
        51.306678,
        37.86016
    ],
    [
        51.306855,
        37.860889
    ],
    [
        51.306871,
        37.861738
    ],
    [
        51.30688,
        37.862607
    ],
    [
        51.306901,
        37.863702
    ],
    [
        51.306924,
        37.864829
    ],
    [
        51.306897,
        37.864857
    ],
    [
        51.306934,
        37.864965
    ],
    [
        51.306967,
        37.866277
    ],
    [
        51.306997,
        37.867142
    ],
    [
        51.307092,
        37.867843
    ],
    [
        51.307177,
        37.868978
    ],
    [
        51.307278,
        37.869938
    ],
    [
        51.307375,
        37.870946
    ],
    [
        51.307455,
        37.871307
    ],
    [
        51.307714,
        37.871898
    ],
    [
        51.308061,
        37.872696
    ],
    [
        51.308373,
        37.873436
    ],
    [
        51.308331,
        37.873503
    ],
    [
        51.308426,
        37.873576
    ],
    [
        51.308816,
        37.874468
    ],
    [
        51.309334,
        37.875859
    ],
    [
        51.309647,
        37.876597
    ],
    [
        51.309773,
        37.876903
    ],
    [
        51.309763,
        37.877005
    ],
    [
        51.309878,
        37.877103
    ],
    [
        51.310478,
        37.878528
    ],
    [
        51.310944,
        37.879636
    ],
    [
        51.310967,
        37.879693
    ],
    [
        51.310523,
        37.880171
    ],
    [
        51.310453,
        37.880188
    ],
    [
        51.310409,
        37.880322
    ],
    [
        51.309744,
        37.881072
    ],
    [
        51.309245,
        37.881624
    ],
    [
        51.308696,
        37.882238
    ],
    [
        51.308175,
        37.882832
    ],
    [
        51.307687,
        37.88338
    ],
    [
        51.30734,
        37.883737
    ],
    [
        51.307282,
        37.883711
    ],
    [
        51.307229,
        37.883868
    ],
    [
        51.306581,
        37.884583
    ],
    [
        51.305956,
        37.885286
    ],
    [
        51.305277,
        37.886037
    ],
    [
        51.304563,
        37.8868
    ],
    [
        51.303853,
        37.887593
    ],
    [
        51.303175,
        37.888366
    ],
    [
        51.302377,
        37.889235
    ],
    [
        51.302254,
        37.889257
    ],
    [
        51.302236,
        37.889386
    ],
    [
        51.301642,
        37.890057
    ],
    [
        51.300927,
        37.890856
    ],
    [
        51.300552,
        37.891211
    ],
    [
        51.30032,
        37.891451
    ],
    [
        51.300175,
        37.891493
    ],
    [
        51.300035,
        37.891375
    ],
    [
        51.299676,
        37.890505
    ],
    [
        51.299485,
        37.890103
    ],
    [
        51.299338,
        37.890094
    ],
    [
        51.299228,
        37.890278
    ],
    [
        51.299264,
        37.890527
    ],
    [
        51.299435,
        37.890893
    ],
    [
        51.299686,
        37.891537
    ],
    [
        51.300269,
        37.892866
    ],
    [
        51.30064,
        37.89363
    ],
    [
        51.301006,
        37.894261
    ],
    [
        51.301237,
        37.894514
    ],
    [
        51.301589,
        37.895288
    ],
    [
        51.30191,
        37.896046
    ],
    [
        51.302125,
        37.896528
    ],
    [
        51.302149,
        37.896729
    ],
    [
        51.302255,
        37.896827
    ],
    [
        51.302589,
        37.897579
    ],
    [
        51.303668,
        37.900044
    ],
    [
        51.304539,
        37.902048
    ],
    [
        51.305038,
        37.903235
    ],
    [
        51.305444,
        37.904179
    ],
    [
        51.305949,
        37.905266
    ],
    [
        51.306405,
        37.906328
    ],
    [
        51.306659,
        37.906954
    ],
    [
        51.306988,
        37.907706
    ],
    [
        51.307479,
        37.908772
    ],
    [
        51.307706,
        37.909311
    ],
    [
        51.307693,
        37.909414
    ],
    [
        51.3078,
        37.909534
    ],
    [
        51.308241,
        37.910692
    ],
    [
        51.308336,
        37.911074
    ],
    [
        51.30836,
        37.911266
    ],
    [
        51.308441,
        37.911438
    ],
    [
        51.308544,
        37.911483
    ],
    [
        51.308684,
        37.911425
    ],
    [
        51.308773,
        37.911205
    ],
    [
        51.308832,
        37.911051
    ],
    [
        51.309012,
        37.910802
    ],
    [
        51.309238,
        37.910514
    ],
    [
        51.309568,
        37.910121
    ],
    [
        51.310012,
        37.909633
    ],
    [
        51.310193,
        37.909435
    ],
    [
        51.310222,
        37.909485
    ],
    [
        51.31028,
        37.909333
    ],
    [
        51.31042,
        37.90918
    ],
    [
        51.310773,
        37.908788
    ],
    [
        51.311317,
        37.908196
    ],
    [
        51.311863,
        37.907595
    ],
    [
        51.312045,
        37.90749
    ],
    [
        51.312148,
        37.907273
    ],
    [
        51.312532,
        37.906828
    ],
    [
        51.312925,
        37.906421
    ],
    [
        51.313356,
        37.905909
    ],
    [
        51.313733,
        37.905505
    ],
    [
        51.313891,
        37.905339
    ],
    [
        51.313985,
        37.905399
    ],
    [
        51.314093,
        37.905364
    ],
    [
        51.314164,
        37.905198
    ],
    [
        51.314163,
        37.90505
    ],
    [
        51.314112,
        37.904836
    ],
    [
        51.314008,
        37.90481
    ],
    [
        51.313869,
        37.904697
    ],
    [
        51.313779,
        37.904503
    ],
    [
        51.313609,
        37.904104
    ],
    [
        51.31362,
        37.904007
    ],
    [
        51.313528,
        37.903927
    ],
    [
        51.313396,
        37.903612
    ],
    [
        51.313167,
        37.903081
    ],
    [
        51.312784,
        37.902248
    ],
    [
        51.312534,
        37.901652
    ],
    [
        51.312274,
        37.901019
    ],
    [
        51.312005,
        37.900426
    ],
    [
        51.311752,
        37.8998
    ],
    [
        51.311461,
        37.899117
    ],
    [
        51.311459,
        37.899028
    ],
    [
        51.311345,
        37.898862
    ],
    [
        51.311045,
        37.898162
    ],
    [
        51.310793,
        37.897597
    ],
    [
        51.311259,
        37.897095
    ],
    [
        51.311579,
        37.896758
    ],
    [
        51.311624,
        37.896795
    ],
    [
        51.311696,
        37.896612
    ],
    [
        51.312128,
        37.896129
    ],
    [
        51.31257,
        37.89564
    ],
    [
        51.312959,
        37.89521
    ],
    [
        51.313352,
        37.894764
    ],
    [
        51.313797,
        37.894268
    ],
    [
        51.314207,
        37.893828
    ],
    [
        51.314608,
        37.893382
    ],
    [
        51.314963,
        37.892978
    ],
    [
        51.315243,
        37.892689
    ],
    [
        51.315307,
        37.892704
    ],
    [
        51.315351,
        37.892559
    ],
    [
        51.315707,
        37.892153
    ],
    [
        51.316024,
        37.891814
    ],
    [
        51.316318,
        37.891485
    ],
    [
        51.316666,
        37.891118
    ],
    [
        51.317073,
        37.890647
    ],
    [
        51.317428,
        37.890252
    ],
    [
        51.317684,
        37.889988
    ],
    [
        51.317745,
        37.889971
    ],
    [
        51.3178,
        37.889822
    ],
    [
        51.318113,
        37.889506
    ],
    [
        51.318418,
        37.889159
    ],
    [
        51.318758,
        37.888768
    ],
    [
        51.319094,
        37.888406
    ],
    [
        51.319425,
        37.888047
    ],
    [
        51.319868,
        37.887537
    ],
    [
        51.321127,
        37.886157
    ],
    [
        51.321476,
        37.885749
    ],
    [
        51.321509,
        37.88578
    ],
    [
        51.321597,
        37.88562
    ],
    [
        51.322878,
        37.884203
    ],
    [
        51.323473,
        37.883537
    ],
    [
        51.322927,
        37.882316
    ],
    [
        51.322294,
        37.880856
    ],
    [
        51.322064,
        37.880349
    ],
    [
        51.322181,
        37.880936
    ],
    [
        51.322242,
        37.881156
    ],
    [
        51.322363,
        37.881345
    ],
    [
        51.32281,
        37.882471
    ],
    [
        51.323264,
        37.883699
    ],
    [
        51.323281,
        37.883757
    ],
    [
        51.32359,
        37.883397
    ],
    [
        51.324091,
        37.882885
    ],
    [
        51.324579,
        37.882349
    ],
    [
        51.324639,
        37.882369
    ],
    [
        51.284697,
        37.79536
    ],
    [
        51.284605,
        37.795487
    ],
    [
        51.283893,
        37.795691
    ],
    [
        51.283178,
        37.796013
    ],
    [
        51.283014,
        37.79609
    ],
    [
        51.282952,
        37.796052
    ],
    [
        51.282908,
        37.796148
    ],
    [
        51.282572,
        37.796405
    ],
    [
        51.282223,
        37.796729
    ],
    [
        51.28159,
        37.797316
    ],
    [
        51.281197,
        37.797711
    ],
    [
        51.280887,
        37.79802
    ],
    [
        51.280478,
        37.798407
    ],
    [
        51.280167,
        37.79869
    ],
    [
        51.279755,
        37.799094
    ],
    [
        51.279294,
        37.799536
    ],
    [
        51.278858,
        37.799956
    ],
    [
        51.278449,
        37.800349
    ],
    [
        51.277996,
        37.800775
    ],
    [
        51.277626,
        37.801135
    ],
    [
        51.277447,
        37.801298
    ],
    [
        51.277409,
        37.801291
    ],
    [
        51.277387,
        37.801361
    ],
    [
        51.276958,
        37.801761
    ],
    [
        51.276567,
        37.802139
    ],
    [
        51.276232,
        37.802471
    ],
    [
        51.275886,
        37.802821
    ],
    [
        51.275491,
        37.803213
    ],
    [
        51.275155,
        37.803546
    ],
    [
        51.275039,
        37.803698
    ],
    [
        51.275017,
        37.803819
    ],
    [
        51.275036,
        37.803897
    ],
    [
        51.275058,
        37.80397
    ],
    [
        51.275046,
        37.804086
    ],
    [
        51.275118,
        37.804122
    ],
    [
        51.275493,
        37.805111
    ],
    [
        51.275935,
        37.806311
    ],
    [
        51.276151,
        37.806904
    ],
    [
        51.276139,
        37.806974
    ],
    [
        51.276225,
        37.807062
    ],
    [
        51.276486,
        37.807813
    ],
    [
        51.276621,
        37.808152
    ],
    [
        51.276796,
        37.808418
    ],
    [
        51.277087,
        37.808833
    ],
    [
        51.277488,
        37.809352
    ],
    [
        51.277992,
        37.809968
    ],
    [
        51.278354,
        37.810404
    ],
    [
        51.278635,
        37.810743
    ],
    [
        51.278668,
        37.810902
    ],
    [
        51.278664,
        37.810982
    ],
    [
        51.278616,
        37.811067
    ],
    [
        51.278546,
        37.811094
    ],
    [
        51.278455,
        37.811082
    ],
    [
        51.278142,
        37.810874
    ],
    [
        51.277612,
        37.810527
    ],
    [
        51.277071,
        37.810175
    ],
    [
        51.276502,
        37.809805
    ],
    [
        51.276019,
        37.809486
    ],
    [
        51.275272,
        37.808998
    ],
    [
        51.274727,
        37.808634
    ],
    [
        51.274204,
        37.8083
    ],
    [
        51.273546,
        37.807868
    ],
    [
        51.27301,
        37.807507
    ],
    [
        51.27254,
        37.807187
    ],
    [
        51.272412,
        37.807046
    ],
    [
        51.272226,
        37.806747
    ],
    [
        51.272092,
        37.806432
    ],
    [
        51.272062,
        37.806188
    ],
    [
        51.271931,
        37.805973
    ],
    [
        51.271733,
        37.805934
    ],
    [
        51.271486,
        37.805646
    ],
    [
        51.2712,
        37.805184
    ],
    [
        51.270904,
        37.804619
    ],
    [
        51.270425,
        37.803723
    ],
    [
        51.269883,
        37.80272
    ],
    [
        51.269452,
        37.801943
    ],
    [
        51.268924,
        37.800968
    ],
    [
        51.268514,
        37.800221
    ],
    [
        51.266949,
        37.797363
    ],
    [
        51.266271,
        37.79611
    ],
    [
        51.265811,
        37.795527
    ],
    [
        51.264679,
        37.794217
    ],
    [
        51.262996,
        37.79237
    ],
    [
        51.261523,
        37.790709
    ],
    [
        51.259451,
        37.788404
    ],
    [
        51.258685,
        37.787523
    ],
    [
        51.258006,
        37.786499
    ],
    [
        51.256356,
        37.783381
    ],
    [
        51.255024,
        37.780805
    ],
    [
        51.253681,
        37.778176
    ],
    [
        51.252876,
        37.77651
    ],
    [
        51.252841,
        37.776489
    ],
    [
        51.252709,
        37.776546
    ],
    [
        51.252496,
        37.776657
    ],
    [
        51.252482,
        37.776656
    ],
    [
        51.251975,
        37.777308
    ],
    [
        51.251408,
        37.778026
    ],
    [
        51.250932,
        37.778641
    ],
    [
        51.250502,
        37.779189
    ],
    [
        51.250325,
        37.779413
    ],
    [
        51.250171,
        37.779505
    ],
    [
        51.250038,
        37.779616
    ],
    [
        51.249745,
        37.77988
    ],
    [
        51.249616,
        37.779982
    ],
    [
        51.249285,
        37.78007
    ],
    [
        51.248893,
        37.780054
    ],
    [
        51.248355,
        37.779822
    ],
    [
        51.247945,
        37.779635
    ],
    [
        51.24754,
        37.779453
    ],
    [
        51.247046,
        37.779239
    ],
    [
        51.246642,
        37.779061
    ],
    [
        51.246555,
        37.779021
    ],
    [
        51.246348,
        37.778981
    ],
    [
        51.246175,
        37.779018
    ],
    [
        51.245996,
        37.779082
    ],
    [
        51.245721,
        37.779308
    ],
    [
        51.245318,
        37.779683
    ],
    [
        51.244931,
        37.780036
    ],
    [
        51.244782,
        37.780171
    ],
    [
        51.244619,
        37.780382
    ],
    [
        51.244425,
        37.780751
    ],
    [
        51.244321,
        37.781094
    ],
    [
        51.244257,
        37.781319
    ],
    [
        51.24413,
        37.781973
    ],
    [
        51.243899,
        37.783205
    ],
    [
        51.243764,
        37.783925
    ],
    [
        51.243493,
        37.784035
    ],
    [
        51.243306,
        37.784297
    ],
    [
        51.243252,
        37.784977
    ],
    [
        51.243542,
        37.785108
    ],
    [
        51.243413,
        37.785804
    ],
    [
        51.243249,
        37.786702
    ],
    [
        51.243122,
        37.787372
    ],
    [
        51.243027,
        37.787947
    ],
    [
        51.242944,
        37.788495
    ],
    [
        51.242917,
        37.788644
    ],
    [
        51.243162,
        37.788768
    ],
    [
        51.243605,
        37.788961
    ],
    [
        51.244004,
        37.789139
    ],
    [
        51.243835,
        37.790054
    ],
    [
        51.243683,
        37.790852
    ],
    [
        51.243474,
        37.791951
    ],
    [
        51.243321,
        37.792861
    ],
    [
        51.24332,
        37.793199
    ],
    [
        51.24345,
        37.793629
    ],
    [
        51.243424,
        37.793641
    ],
    [
        51.243224,
        37.794735
    ],
    [
        51.284699,
        37.795343
    ],
    [
        51.2846,
        37.795469
    ],
    [
        51.284271,
        37.795565
    ],
    [
        51.283877,
        37.79569
    ],
    [
        51.283583,
        37.795798
    ],
    [
        51.283214,
        37.795989
    ],
    [
        51.282975,
        37.796108
    ],
    [
        51.282943,
        37.79607
    ],
    [
        51.282882,
        37.796164
    ],
    [
        51.282728,
        37.796272
    ],
    [
        51.282462,
        37.796495
    ],
    [
        51.28229,
        37.796657
    ],
    [
        51.282059,
        37.796886
    ],
    [
        51.281804,
        37.797125
    ],
    [
        51.281515,
        37.797408
    ],
    [
        51.28127,
        37.797637
    ],
    [
        51.28099,
        37.797911
    ],
    [
        51.28075,
        37.798147
    ],
    [
        51.280486,
        37.798401
    ],
    [
        51.280275,
        37.798589
    ],
    [
        51.280059,
        37.798794
    ],
    [
        51.279803,
        37.799046
    ],
    [
        51.279585,
        37.799271
    ],
    [
        51.279321,
        37.799511
    ],
    [
        51.279083,
        37.799736
    ],
    [
        51.278793,
        37.800018
    ],
    [
        51.278476,
        37.800327
    ],
    [
        51.278163,
        37.80062
    ],
    [
        51.277949,
        37.800831
    ],
    [
        51.27763,
        37.80113
    ],
    [
        51.277451,
        37.801294
    ],
    [
        51.277415,
        37.801291
    ],
    [
        51.277395,
        37.801357
    ],
    [
        51.277048,
        37.801678
    ],
    [
        51.276717,
        37.801991
    ],
    [
        51.276161,
        37.802542
    ],
    [
        51.275756,
        37.802958
    ],
    [
        51.275489,
        37.80321
    ],
    [
        51.275171,
        37.803547
    ],
    [
        51.275029,
        37.803733
    ],
    [
        51.275021,
        37.803862
    ],
    [
        51.275062,
        37.803984
    ],
    [
        51.27505,
        37.804059
    ],
    [
        51.275122,
        37.804141
    ],
    [
        51.275528,
        37.805208
    ],
    [
        51.275825,
        37.80599
    ],
    [
        51.27614,
        37.806853
    ],
    [
        51.276145,
        37.806968
    ],
    [
        51.276211,
        37.807036
    ],
    [
        51.276505,
        37.807834
    ],
    [
        51.276631,
        37.808172
    ],
    [
        51.27678,
        37.808397
    ],
    [
        51.277009,
        37.80873
    ],
    [
        51.277317,
        37.809147
    ],
    [
        51.277641,
        37.809535
    ],
    [
        51.277947,
        37.809915
    ],
    [
        51.278218,
        37.810241
    ],
    [
        51.278579,
        37.810679
    ],
    [
        51.278644,
        37.810782
    ],
    [
        51.278666,
        37.810917
    ],
    [
        51.278652,
        37.811039
    ],
    [
        51.278655,
        37.811187
    ],
    [
        51.278705,
        37.811296
    ],
    [
        51.278906,
        37.811452
    ],
    [
        51.279053,
        37.811539
    ],
    [
        51.279432,
        37.812027
    ],
    [
        51.279859,
        37.81259
    ],
    [
        51.279978,
        37.812739
    ],
    [
        51.280001,
        37.812837
    ],
    [
        51.280091,
        37.812853
    ],
    [
        51.280532,
        37.813384
    ],
    [
        51.281009,
        37.81397
    ],
    [
        51.281497,
        37.814596
    ],
    [
        51.281858,
        37.815046
    ],
    [
        51.28209,
        37.815331
    ],
    [
        51.282276,
        37.815556
    ],
    [
        51.282308,
        37.815632
    ],
    [
        51.282396,
        37.815664
    ],
    [
        51.282827,
        37.816141
    ],
    [
        51.283124,
        37.816477
    ],
    [
        51.283452,
        37.816888
    ],
    [
        51.283848,
        37.817371
    ],
    [
        51.284114,
        37.817707
    ],
    [
        51.284456,
        37.818128
    ],
    [
        51.284787,
        37.818523
    ],
    [
        51.285115,
        37.81897
    ],
    [
        51.285474,
        37.819435
    ],
    [
        51.285735,
        37.819781
    ],
    [
        51.286015,
        37.820161
    ],
    [
        51.2861,
        37.820288
    ],
    [
        51.286106,
        37.820337
    ],
    [
        51.286196,
        37.820398
    ],
    [
        51.286568,
        37.820879
    ],
    [
        51.286847,
        37.821256
    ],
    [
        51.286895,
        37.821377
    ],
    [
        51.286906,
        37.821705
    ],
    [
        51.286949,
        37.822257
    ],
    [
        51.287008,
        37.822384
    ],
    [
        51.287134,
        37.822442
    ],
    [
        51.287253,
        37.822397
    ],
    [
        51.287502,
        37.822301
    ],
    [
        51.287591,
        37.822223
    ],
    [
        51.28768,
        37.822084
    ],
    [
        51.287707,
        37.821888
    ],
    [
        51.287635,
        37.821468
    ],
    [
        51.287552,
        37.820961
    ],
    [
        51.287439,
        37.820197
    ],
    [
        51.287414,
        37.819813
    ],
    [
        51.287427,
        37.819591
    ],
    [
        51.287528,
        37.819096
    ],
    [
        51.287691,
        37.818206
    ],
    [
        51.28774,
        37.81819
    ],
    [
        51.287714,
        37.818056
    ],
    [
        51.28786,
        37.81714
    ],
    [
        51.287872,
        37.816466
    ],
    [
        51.287837,
        37.815668
    ],
    [
        51.287762,
        37.814956
    ],
    [
        51.287656,
        37.814077
    ],
    [
        51.287566,
        37.813297
    ],
    [
        51.287465,
        37.812442
    ],
    [
        51.287361,
        37.81151
    ],
    [
        51.287286,
        37.810872
    ],
    [
        51.287213,
        37.810241
    ],
    [
        51.287115,
        37.809403
    ],
    [
        51.287044,
        37.808795
    ],
    [
        51.286974,
        37.808167
    ],
    [
        51.286884,
        37.80745
    ],
    [
        51.286916,
        37.80739
    ],
    [
        51.286839,
        37.80709
    ],
    [
        51.28676,
        37.806409
    ],
    [
        51.286676,
        37.805709
    ],
    [
        51.286594,
        37.805025
    ],
    [
        51.286494,
        37.804237
    ],
    [
        51.286421,
        37.803646
    ],
    [
        51.286383,
        37.803233
    ],
    [
        51.286297,
        37.802605
    ],
    [
        51.286239,
        37.802081
    ],
    [
        51.286142,
        37.801271
    ],
    [
        51.28609,
        37.800848
    ],
    [
        51.286124,
        37.800773
    ],
    [
        51.28606,
        37.800614
    ],
    [
        51.285963,
        37.799786
    ],
    [
        51.28588,
        37.799092
    ],
    [
        51.285801,
        37.798411
    ],
    [
        51.285712,
        37.797618
    ],
    [
        51.285614,
        37.796785
    ],
    [
        51.285464,
        37.795575
    ],
    [
        51.285362,
        37.794698
    ],
    [
        51.285289,
        37.794084
    ],
    [
        51.285269,
        37.793852
    ],
    [
        51.285287,
        37.79379
    ],
    [
        51.285241,
        37.793629
    ],
    [
        51.285179,
        37.793097
    ],
    [
        51.285087,
        37.792293
    ],
    [
        51.284975,
        37.791304
    ],
    [
        51.284858,
        37.790392
    ],
    [
        51.284735,
        37.789286
    ],
    [
        51.284687,
        37.788943
    ],
    [
        51.284697,
        37.788459
    ],
    [
        51.28475,
        37.788304
    ],
    [
        51.28482,
        37.788151
    ],
    [
        51.284823,
        37.787954
    ],
    [
        51.284772,
        37.78773
    ],
    [
        51.284663,
        37.787626
    ],
    [
        51.284601,
        37.787506
    ],
    [
        51.284454,
        37.787028
    ],
    [
        51.284397,
        37.786644
    ],
    [
        51.284333,
        37.786074
    ],
    [
        51.284259,
        37.785366
    ],
    [
        51.284177,
        37.784621
    ],
    [
        51.284114,
        37.784021
    ],
    [
        51.284054,
        37.783459
    ],
    [
        51.283981,
        37.782796
    ],
    [
        51.283909,
        37.782152
    ],
    [
        51.283832,
        37.781384
    ],
    [
        51.283736,
        37.780576
    ],
    [
        51.283627,
        37.779624
    ],
    [
        51.28364,
        37.779561
    ],
    [
        51.28361,
        37.779475
    ],
    [
        51.283512,
        37.778688
    ],
    [
        51.283436,
        37.777904
    ],
    [
        51.283339,
        37.777034
    ],
    [
        51.283258,
        37.776187
    ],
    [
        51.282795,
        37.771597
    ],
    [
        51.282618,
        37.769507
    ],
    [
        51.282396,
        37.766155
    ],
    [
        51.282145,
        37.762552
    ],
    [
        51.28208,
        37.760358
    ],
    [
        51.281564,
        37.754792
    ],
    [
        51.277666,
        37.755563
    ],
    [
        51.272108,
        37.756771
    ],
    [
        51.268668,
        37.757569
    ],
    [
        51.266619,
        37.758118
    ],
    [
        51.265959,
        37.758412
    ],
    [
        51.265762,
        37.758351
    ],
    [
        51.265529,
        37.758301
    ],
    [
        51.265313,
        37.758129
    ],
    [
        51.265219,
        37.757887
    ],
    [
        51.265199,
        37.757627
    ],
    [
        51.265104,
        37.756831
    ],
    [
        51.264806,
        37.75649
    ],
    [
        51.264349,
        37.756291
    ],
    [
        51.264075,
        37.756177
    ],
    [
        51.263563,
        37.755957
    ],
    [
        51.263039,
        37.755735
    ],
    [
        51.262093,
        37.755337
    ],
    [
        51.258463,
        37.753851
    ],
    [
        51.258316,
        37.753062
    ],
    [
        51.258257,
        37.752744
    ],
    [
        51.257887,
        37.75293
    ],
    [
        51.257891,
        37.752703
    ],
    [
        51.32424,
        37.882306
    ],
    [
        51.324026,
        37.882646
    ],
    [
        51.323748,
        37.882927
    ],
    [
        51.323542,
        37.882933
    ],
    [
        51.323314,
        37.882962
    ],
    [
        51.323141,
        37.882847
    ],
    [
        51.322909,
        37.882313
    ],
    [
        51.322346,
        37.881001
    ],
    [
        51.32232,
        37.880872
    ],
    [
        51.322278,
        37.880829
    ],
    [
        51.322223,
        37.880684
    ],
    [
        51.322061,
        37.880305
    ],
    [
        51.322125,
        37.880662
    ],
    [
        51.322226,
        37.881016
    ],
    [
        51.322242,
        37.881167
    ],
    [
        51.322263,
        37.881211
    ],
    [
        51.322307,
        37.881241
    ],
    [
        51.322579,
        37.881904
    ],
    [
        51.322892,
        37.882725
    ],
    [
        51.323194,
        37.883502
    ],
    [
        51.322785,
        37.883979
    ],
    [
        51.322072,
        37.884826
    ],
    [
        51.321252,
        37.885748
    ],
    [
        51.320432,
        37.886644
    ],
    [
        51.319403,
        37.887788
    ],
    [
        51.318705,
        37.88855
    ],
    [
        51.318112,
        37.889199
    ],
    [
        51.317623,
        37.889736
    ],
    [
        51.31753,
        37.889726
    ],
    [
        51.317487,
        37.889888
    ],
    [
        51.316918,
        37.89055
    ],
    [
        51.31628,
        37.891243
    ],
    [
        51.315014,
        37.89262
    ],
    [
        51.31497,
        37.892607
    ],
    [
        51.314903,
        37.892772
    ],
    [
        51.314617,
        37.893092
    ],
    [
        51.3144,
        37.893336
    ],
    [
        51.314168,
        37.893597
    ],
    [
        51.313816,
        37.89398
    ],
    [
        51.313486,
        37.894352
    ],
    [
        51.312302,
        37.895659
    ],
    [
        51.310625,
        37.89749
    ],
    [
        51.311212,
        37.898826
    ],
    [
        51.311893,
        37.900381
    ],
    [
        51.311906,
        37.900515
    ],
    [
        51.31195,
        37.900597
    ],
    [
        51.311992,
        37.900588
    ],
    [
        51.312384,
        37.901473
    ],
    [
        51.312703,
        37.902221
    ],
    [
        51.312935,
        37.902749
    ],
    [
        51.31319,
        37.903375
    ],
    [
        51.313506,
        37.904089
    ],
    [
        51.313802,
        37.90484
    ],
    [
        51.31381,
        37.905105
    ],
    [
        51.313627,
        37.905379
    ],
    [
        51.313506,
        37.905392
    ],
    [
        51.313456,
        37.905566
    ],
    [
        51.312985,
        37.906107
    ],
    [
        51.312526,
        37.906608
    ],
    [
        51.31214,
        37.907039
    ],
    [
        51.311729,
        37.907504
    ],
    [
        51.31133,
        37.907944
    ],
    [
        51.31091,
        37.908405
    ],
    [
        51.310457,
        37.908889
    ],
    [
        51.310265,
        37.909098
    ],
    [
        51.310191,
        37.909097
    ],
    [
        51.310133,
        37.909243
    ],
    [
        51.309824,
        37.909584
    ],
    [
        51.309436,
        37.910024
    ],
    [
        51.309053,
        37.910392
    ],
    [
        51.308698,
        37.910668
    ],
    [
        51.308566,
        37.910757
    ],
    [
        51.308294,
        37.910177
    ],
    [
        51.307825,
        37.909216
    ],
    [
        51.307436,
        37.908338
    ],
    [
        51.307381,
        37.90807
    ],
    [
        51.307236,
        37.907831
    ],
    [
        51.306442,
        37.90609
    ],
    [
        51.305777,
        37.904559
    ],
    [
        51.305115,
        37.903045
    ],
    [
        51.304483,
        37.901606
    ],
    [
        51.303877,
        37.900118
    ],
    [
        51.303583,
        37.899449
    ],
    [
        51.303589,
        37.89929
    ],
    [
        51.303442,
        37.899137
    ],
    [
        51.302908,
        37.897947
    ],
    [
        51.302253,
        37.896455
    ],
    [
        51.301589,
        37.894918
    ],
    [
        51.301566,
        37.8947
    ],
    [
        51.301408,
        37.894504
    ],
    [
        51.300884,
        37.893313
    ],
    [
        51.300347,
        37.892056
    ],
    [
        51.300381,
        37.891666
    ],
    [
        51.300947,
        37.891008
    ],
    [
        51.301566,
        37.890322
    ],
    [
        51.302156,
        37.889681
    ],
    [
        51.302562,
        37.889237
    ],
    [
        51.302675,
        37.889195
    ],
    [
        51.302731,
        37.889056
    ],
    [
        51.30322,
        37.888503
    ],
    [
        51.303854,
        37.887806
    ],
    [
        51.304593,
        37.886979
    ],
    [
        51.305483,
        37.885988
    ],
    [
        51.306157,
        37.885264
    ],
    [
        51.306793,
        37.884564
    ],
    [
        51.307354,
        37.883921
    ],
    [
        51.308057,
        37.883117
    ],
    [
        51.308237,
        37.883023
    ],
    [
        51.308503,
        37.882637
    ],
    [
        51.309143,
        37.881944
    ],
    [
        51.309804,
        37.881208
    ],
    [
        51.310316,
        37.880633
    ],
    [
        51.310999,
        37.879856
    ],
    [
        51.311134,
        37.879688
    ],
    [
        51.310605,
        37.878498
    ],
    [
        51.309966,
        37.876967
    ],
    [
        51.309718,
        37.876372
    ],
    [
        51.309721,
        37.876274
    ],
    [
        51.309591,
        37.876113
    ],
    [
        51.309071,
        37.874859
    ],
    [
        51.308732,
        37.87404
    ],
    [
        51.308725,
        37.873938
    ],
    [
        51.30862,
        37.873766
    ],
    [
        51.308126,
        37.872673
    ],
    [
        51.307644,
        37.871592
    ],
    [
        51.307486,
        37.871147
    ],
    [
        51.307425,
        37.870724
    ],
    [
        51.307276,
        37.869296
    ],
    [
        51.307164,
        37.867979
    ],
    [
        51.30706,
        37.866887
    ],
    [
        51.307025,
        37.865629
    ],
    [
        51.306988,
        37.864397
    ],
    [
        51.306975,
        37.863724
    ],
    [
        51.307017,
        37.863665
    ],
    [
        51.306966,
        37.863284
    ],
    [
        51.30698,
        37.862539
    ],
    [
        51.307082,
        37.861912
    ],
    [
        51.307458,
        37.860843
    ],
    [
        51.30765,
        37.860213
    ],
    [
        51.307787,
        37.859433
    ],
    [
        51.307767,
        37.858238
    ],
    [
        51.307734,
        37.857826
    ],
    [
        51.30777,
        37.857643
    ],
    [
        51.307631,
        37.857355
    ],
    [
        51.30726,
        37.85608
    ],
    [
        51.306781,
        37.854642
    ],
    [
        51.306262,
        37.853059
    ],
    [
        51.30593,
        37.85205
    ],
    [
        51.305437,
        37.85107
    ],
    [
        51.305089,
        37.850358
    ],
    [
        51.305103,
        37.850234
    ],
    [
        51.30494,
        37.85012
    ],
    [
        51.304342,
        37.849159
    ],
    [
        51.303753,
        37.848295
    ],
    [
        51.303147,
        37.847217
    ],
    [
        51.302474,
        37.846247
    ],
    [
        51.301786,
        37.845465
    ],
    [
        51.30131,
        37.844826
    ],
    [
        51.300844,
        37.844049
    ],
    [
        51.299845,
        37.841981
    ],
    [
        51.299077,
        37.840374
    ],
    [
        51.298388,
        37.83881
    ],
    [
        51.297734,
        37.837403
    ],
    [
        51.297079,
        37.835931
    ],
    [
        51.296676,
        37.835024
    ],
    [
        51.29664,
        37.834848
    ],
    [
        51.296487,
        37.834511
    ],
    [
        51.296357,
        37.8342
    ],
    [
        51.296364,
        37.834122
    ],
    [
        51.296286,
        37.834039
    ],
    [
        51.295843,
        37.83305
    ],
    [
        51.29537,
        37.831936
    ],
    [
        51.294843,
        37.830704
    ],
    [
        51.29429,
        37.829765
    ],
    [
        51.293405,
        37.82858
    ],
    [
        51.29272,
        37.827695
    ],
    [
        51.29189,
        37.826636
    ],
    [
        51.291164,
        37.825762
    ],
    [
        51.290369,
        37.824917
    ],
    [
        51.289583,
        37.824094
    ],
    [
        51.289571,
        37.823987
    ],
    [
        51.289411,
        37.823923
    ],
    [
        51.28881,
        37.823241
    ],
    [
        51.288083,
        37.822413
    ],
    [
        51.287832,
        37.822131
    ],
    [
        51.28771,
        37.821827
    ],
    [
        51.287542,
        37.820864
    ],
    [
        51.287449,
        37.820232
    ],
    [
        51.287415,
        37.819878
    ],
    [
        51.287438,
        37.819576
    ],
    [
        51.287623,
        37.818608
    ],
    [
        51.287692,
        37.818243
    ],
    [
        51.287748,
        37.818207
    ],
    [
        51.287742,
        37.817915
    ],
    [
        51.287851,
        37.817204
    ],
    [
        51.287875,
        37.816656
    ],
    [
        51.287856,
        37.815998
    ],
    [
        51.287785,
        37.815146
    ],
    [
        51.287684,
        37.814295
    ],
    [
        51.287555,
        37.813164
    ],
    [
        51.287409,
        37.811967
    ],
    [
        51.287299,
        37.810962
    ],
    [
        51.287139,
        37.809594
    ],
    [
        51.287024,
        37.808582
    ],
    [
        51.286889,
        37.807457
    ],
    [
        51.286915,
        37.807396
    ],
    [
        51.286854,
        37.807152
    ],
    [
        51.286711,
        37.805949
    ],
    [
        51.286536,
        37.804588
    ],
    [
        51.286399,
        37.803424
    ],
    [
        51.286257,
        37.802238
    ],
    [
        51.286094,
        37.80088
    ],
    [
        51.286119,
        37.800788
    ],
    [
        51.286042,
        37.800487
    ],
    [
        51.285875,
        37.799015
    ],
    [
        51.28574,
        37.797875
    ],
    [
        51.285615,
        37.796775
    ],
    [
        51.285455,
        37.795474
    ],
    [
        51.285278,
        37.793975
    ],
    [
        51.285291,
        37.793807
    ],
    [
        51.285203,
        37.793439
    ],
    [
        51.284979,
        37.791418
    ],
    [
        51.28483,
        37.79012
    ],
    [
        51.284692,
        37.788979
    ],
    [
        51.28469,
        37.788408
    ],
    [
        51.284787,
        37.788252
    ],
    [
        51.284836,
        37.787973
    ],
    [
        51.284778,
        37.787755
    ],
    [
        51.284632,
        37.787573
    ],
    [
        51.28457,
        37.787405
    ],
    [
        51.284422,
        37.786934
    ],
    [
        51.284289,
        37.785696
    ],
    [
        51.284168,
        37.784577
    ],
    [
        51.284077,
        37.783691
    ],
    [
        51.283929,
        37.782389
    ],
    [
        51.283809,
        37.781251
    ],
    [
        51.283657,
        37.779938
    ],
    [
        51.282934,
        37.772981
    ],
    [
        51.282653,
        37.77013
    ],
    [
        51.282134,
        37.762267
    ],
    [
        51.282006,
        37.759509
    ],
    [
        51.281553,
        37.754758
    ],
    [
        51.27824,
        37.755467
    ],
    [
        51.274961,
        37.756144
    ],
    [
        51.271948,
        37.756799
    ],
    [
        51.268436,
        37.757646
    ],
    [
        51.265938,
        37.758443
    ],
    [
        51.265793,
        37.75836
    ],
    [
        51.265526,
        37.758314
    ],
    [
        51.265302,
        37.758116
    ],
    [
        51.265214,
        37.757865
    ],
    [
        51.265164,
        37.757338
    ],
    [
        51.265106,
        37.756834
    ],
    [
        51.264811,
        37.756489
    ],
    [
        51.261399,
        37.755045
    ],
    [
        51.258452,
        37.753848
    ],
    [
        51.258269,
        37.752754
    ],
    [
        51.257889,
        37.752923
    ],
    [
        51.257887,
        37.752586
    ],
    [
        51.277662,
        37.726616
    ],
    [
        51.277821,
        37.728745
    ],
    [
        51.277927,
        37.730929
    ],
    [
        51.278013,
        37.731836
    ],
    [
        51.278116,
        37.732208
    ],
    [
        51.27822,
        37.732453
    ],
    [
        51.278369,
        37.732661
    ],
    [
        51.27846,
        37.732786
    ],
    [
        51.27904,
        37.733447
    ],
    [
        51.279646,
        37.734162
    ],
    [
        51.280031,
        37.734581
    ],
    [
        51.280143,
        37.734792
    ],
    [
        51.280227,
        37.735048
    ],
    [
        51.280289,
        37.735427
    ],
    [
        51.280357,
        37.736128
    ],
    [
        51.280417,
        37.737051
    ],
    [
        51.280492,
        37.737832
    ],
    [
        51.280598,
        37.738898
    ],
    [
        51.280532,
        37.739035
    ],
    [
        51.280614,
        37.739252
    ],
    [
        51.280675,
        37.740187
    ],
    [
        51.28075,
        37.74136
    ],
    [
        51.280822,
        37.742571
    ],
    [
        51.280906,
        37.743941
    ],
    [
        51.280972,
        37.745744
    ],
    [
        51.280957,
        37.747351
    ],
    [
        51.280904,
        37.748542
    ],
    [
        51.280889,
        37.749717
    ],
    [
        51.280934,
        37.750312
    ],
    [
        51.280977,
        37.750648
    ],
    [
        51.281043,
        37.751033
    ],
    [
        51.281103,
        37.751443
    ],
    [
        51.281261,
        37.752512
    ],
    [
        51.281407,
        37.753512
    ],
    [
        51.281552,
        37.754784
    ],
    [
        51.281673,
        37.756052
    ],
    [
        51.281806,
        37.757162
    ],
    [
        51.281942,
        37.758561
    ],
    [
        51.282035,
        37.759904
    ],
    [
        51.282109,
        37.761428
    ],
    [
        51.282153,
        37.762885
    ],
    [
        51.282177,
        37.763306
    ],
    [
        51.282147,
        37.763412
    ],
    [
        51.282208,
        37.763666
    ],
    [
        51.282328,
        37.765375
    ],
    [
        51.282454,
        37.767129
    ],
    [
        51.28257,
        37.768519
    ],
    [
        51.28268,
        37.770303
    ],
    [
        51.282898,
        37.772595
    ],
    [
        51.282864,
        37.772734
    ],
    [
        51.282937,
        37.772968
    ],
    [
        51.283082,
        37.774583
    ],
    [
        51.283159,
        37.775393
    ],
    [
        51.283306,
        37.776811
    ],
    [
        51.283511,
        37.778698
    ],
    [
        51.283709,
        37.780291
    ],
    [
        51.283943,
        37.78271
    ],
    [
        51.284132,
        37.784346
    ],
    [
        51.284366,
        37.786437
    ],
    [
        51.284435,
        37.787101
    ],
    [
        51.284419,
        37.787588
    ],
    [
        51.284385,
        37.787711
    ],
    [
        51.284291,
        37.787884
    ],
    [
        51.284294,
        37.788107
    ],
    [
        51.284375,
        37.788392
    ],
    [
        51.284481,
        37.788437
    ],
    [
        51.284517,
        37.788597
    ],
    [
        51.284613,
        37.78889
    ],
    [
        51.284685,
        37.789133
    ],
    [
        51.284764,
        37.7897
    ],
    [
        51.285139,
        37.79286
    ],
    [
        51.28508,
        37.793017
    ],
    [
        51.285184,
        37.793288
    ],
    [
        51.285497,
        37.795848
    ],
    [
        51.285763,
        37.798212
    ],
    [
        51.285891,
        37.799284
    ],
    [
        51.286181,
        37.80181
    ],
    [
        51.286186,
        37.802044
    ],
    [
        51.286242,
        37.80217
    ],
    [
        51.286423,
        37.803839
    ],
    [
        51.286649,
        37.805598
    ],
    [
        51.286825,
        37.807168
    ],
    [
        51.286979,
        37.808288
    ],
    [
        51.286943,
        37.808491
    ],
    [
        51.287014,
        37.80871
    ],
    [
        51.287192,
        37.810157
    ],
    [
        51.287322,
        37.811156
    ],
    [
        51.287458,
        37.812464
    ],
    [
        51.287413,
        37.812532
    ],
    [
        51.287463,
        37.812703
    ],
    [
        51.287618,
        37.81386
    ],
    [
        51.287771,
        37.815254
    ],
    [
        51.287842,
        37.815972
    ],
    [
        51.287873,
        37.816709
    ],
    [
        51.287818,
        37.817399
    ],
    [
        51.287704,
        37.81788
    ],
    [
        51.287465,
        37.819394
    ],
    [
        51.287347,
        37.819445
    ],
    [
        51.287413,
        37.819542
    ],
    [
        51.287315,
        37.820063
    ],
    [
        51.287144,
        37.820454
    ],
    [
        51.286949,
        37.820878
    ],
    [
        51.286916,
        37.821132
    ],
    [
        51.286907,
        37.821445
    ],
    [
        51.286928,
        37.821867
    ],
    [
        51.286965,
        37.82226
    ],
    [
        51.286989,
        37.82238
    ],
    [
        51.287105,
        37.822451
    ],
    [
        51.287179,
        37.82244
    ],
    [
        51.287324,
        37.822386
    ],
    [
        51.287415,
        37.822337
    ],
    [
        51.287509,
        37.822275
    ],
    [
        51.287614,
        37.822232
    ],
    [
        51.287698,
        37.82224
    ],
    [
        51.287801,
        37.822357
    ],
    [
        51.288652,
        37.823301
    ],
    [
        51.28966,
        37.824459
    ],
    [
        51.289685,
        37.82453
    ],
    [
        51.289804,
        37.824593
    ],
    [
        51.290405,
        37.825219
    ],
    [
        51.290913,
        37.825761
    ],
    [
        51.291557,
        37.82653
    ],
    [
        51.291953,
        37.827037
    ],
    [
        51.292203,
        37.827368
    ],
    [
        51.292835,
        37.828168
    ],
    [
        51.29337,
        37.828831
    ],
    [
        51.293698,
        37.829304
    ],
    [
        51.294426,
        37.830292
    ],
    [
        51.294794,
        37.830933
    ],
    [
        51.295263,
        37.83201
    ],
    [
        51.295639,
        37.832833
    ],
    [
        51.296229,
        37.834168
    ],
    [
        51.296584,
        37.835
    ],
    [
        51.296692,
        37.835074
    ],
    [
        51.295981,
        37.835818
    ],
    [
        51.295935,
        37.835795
    ],
    [
        51.295873,
        37.835952
    ],
    [
        51.295105,
        37.836825
    ],
    [
        51.295157,
        37.836975
    ],
    [
        51.295533,
        37.837827
    ],
    [
        51.296353,
        37.839644
    ],
    [
        51.29723,
        37.841642
    ],
    [
        51.298324,
        37.844058
    ],
    [
        51.299015,
        37.845511
    ],
    [
        51.299405,
        37.846386
    ],
    [
        51.299661,
        37.846988
    ],
    [
        51.299658,
        37.847096
    ],
    [
        51.299793,
        37.847298
    ],
    [
        51.300091,
        37.847882
    ],
    [
        51.300565,
        37.84902
    ],
    [
        51.30139,
        37.850782
    ],
    [
        51.30194,
        37.851974
    ],
    [
        51.302343,
        37.852548
    ],
    [
        51.302531,
        37.852751
    ],
    [
        51.30256,
        37.852828
    ],
    [
        51.302658,
        37.852859
    ],
    [
        51.302977,
        37.85322
    ],
    [
        51.30346,
        37.853882
    ],
    [
        51.304084,
        37.854773
    ],
    [
        51.304471,
        37.855422
    ],
    [
        51.305047,
        37.856539
    ],
    [
        51.305565,
        37.85782
    ],
    [
        51.305626,
        37.858034
    ],
    [
        51.305696,
        37.858077
    ],
    [
        51.306403,
        37.859565
    ],
    [
        51.306641,
        37.860042
    ],
    [
        51.306814,
        37.860618
    ],
    [
        51.306867,
        37.861219
    ],
    [
        51.306887,
        37.862305
    ],
    [
        51.306906,
        37.863664
    ],
    [
        51.30694,
        37.864673
    ],
    [
        51.306967,
        37.86585
    ],
    [
        51.307006,
        37.866933
    ],
    [
        51.307043,
        37.867565
    ],
    [
        51.307175,
        37.868549
    ],
    [
        51.307184,
        37.868885
    ],
    [
        51.30731,
        37.870199
    ],
    [
        51.307398,
        37.871089
    ],
    [
        51.307598,
        37.871679
    ],
    [
        51.3081,
        37.872814
    ],
    [
        51.308348,
        37.873376
    ],
    [
        51.308335,
        37.87349
    ],
    [
        51.308444,
        37.873598
    ],
    [
        51.309014,
        37.874993
    ],
    [
        51.309595,
        37.876467
    ],
    [
        51.309778,
        37.876902
    ],
    [
        51.309755,
        37.876996
    ],
    [
        51.309944,
        37.877315
    ],
    [
        51.310438,
        37.878387
    ],
    [
        51.310864,
        37.879482
    ],
    [
        51.310971,
        37.879689
    ],
    [
        51.31097,
        37.879689
    ],
    [
        51.310767,
        37.879941
    ],
    [
        51.310521,
        37.880192
    ],
    [
        51.310452,
        37.880181
    ],
    [
        51.310364,
        37.880368
    ],
    [
        51.3097,
        37.881118
    ],
    [
        51.309224,
        37.881647
    ],
    [
        51.308775,
        37.882154
    ],
    [
        51.308179,
        37.882828
    ],
    [
        51.307416,
        37.883676
    ],
    [
        51.307284,
        37.883683
    ],
    [
        51.307215,
        37.883902
    ],
    [
        51.306573,
        37.884601
    ],
    [
        51.305877,
        37.885393
    ],
    [
        51.305279,
        37.886037
    ],
    [
        51.30433,
        37.887064
    ],
    [
        51.30345,
        37.888055
    ],
    [
        51.302787,
        37.888775
    ],
    [
        51.302316,
        37.889294
    ],
    [
        51.302259,
        37.889269
    ],
    [
        51.302184,
        37.889477
    ],
    [
        51.301608,
        37.890088
    ],
    [
        51.301092,
        37.890651
    ],
    [
        51.300789,
        37.890958
    ],
    [
        51.300337,
        37.891442
    ],
    [
        51.300169,
        37.891485
    ],
    [
        51.300018,
        37.891352
    ],
    [
        51.299576,
        37.890276
    ],
    [
        51.299473,
        37.890121
    ],
    [
        51.299375,
        37.890076
    ],
    [
        51.299294,
        37.890148
    ],
    [
        51.299232,
        37.890261
    ],
    [
        51.29922,
        37.890385
    ],
    [
        51.299309,
        37.890649
    ],
    [
        51.299442,
        37.890951
    ],
    [
        51.299661,
        37.891456
    ],
    [
        51.300233,
        37.892793
    ],
    [
        51.300628,
        37.893579
    ],
    [
        51.300733,
        37.893791
    ],
    [
        51.301125,
        37.894414
    ],
    [
        51.301249,
        37.894535
    ],
    [
        51.301606,
        37.895322
    ],
    [
        51.301902,
        37.896085
    ],
    [
        51.302156,
        37.896627
    ],
    [
        51.302143,
        37.896732
    ],
    [
        51.302268,
        37.896832
    ],
    [
        51.30276,
        37.897953
    ],
    [
        51.303232,
        37.899032
    ],
    [
        51.303622,
        37.899955
    ],
    [
        51.304062,
        37.900979
    ],
    [
        51.304436,
        37.901828
    ],
    [
        51.304843,
        37.902771
    ],
    [
        51.305121,
        37.903435
    ],
    [
        51.305581,
        37.904468
    ],
    [
        51.306079,
        37.905603
    ],
    [
        51.306604,
        37.906825
    ],
    [
        51.307056,
        37.907832
    ],
    [
        51.307419,
        37.90863
    ],
    [
        51.307703,
        37.909329
    ],
    [
        51.307675,
        37.909425
    ],
    [
        51.307842,
        37.909627
    ],
    [
        51.308002,
        37.910089
    ],
    [
        51.308295,
        37.910921
    ],
    [
        51.308348,
        37.911122
    ],
    [
        51.308399,
        37.911376
    ],
    [
        51.308518,
        37.911492
    ],
    [
        51.308607,
        37.911474
    ],
    [
        51.308706,
        37.911408
    ],
    [
        51.308782,
        37.911244
    ],
    [
        51.308794,
        37.911132
    ],
    [
        51.308911,
        37.910976
    ],
    [
        51.309185,
        37.910607
    ],
    [
        51.309473,
        37.910242
    ],
    [
        51.30975,
        37.909941
    ],
    [
        51.310174,
        37.909465
    ],
    [
        51.310219,
        37.909489
    ],
    [
        51.310276,
        37.909352
    ],
    [
        51.31077,
        37.908802
    ],
    [
        51.311293,
        37.908235
    ],
    [
        51.311772,
        37.907679
    ],
    [
        51.311998,
        37.907466
    ],
    [
        51.312055,
        37.907508
    ],
    [
        51.312146,
        37.907371
    ],
    [
        51.31218,
        37.907251
    ],
    [
        51.312637,
        37.906725
    ],
    [
        51.31321,
        37.906082
    ],
    [
        51.31358,
        37.905645
    ],
    [
        51.313866,
        37.905391
    ],
    [
        51.313956,
        37.905348
    ],
    [
        51.314041,
        37.905393
    ],
    [
        51.314126,
        37.905291
    ],
    [
        51.314179,
        37.905189
    ],
    [
        51.314189,
        37.905103
    ],
    [
        51.314172,
        37.905035
    ],
    [
        51.314104,
        37.90484
    ],
    [
        51.314016,
        37.904799
    ],
    [
        51.313948,
        37.904728
    ],
    [
        51.313814,
        37.904613
    ],
    [
        51.313632,
        37.904239
    ],
    [
        51.313621,
        37.904045
    ],
    [
        51.31353,
        37.903962
    ],
    [
        51.31337,
        37.903603
    ],
    [
        51.312936,
        37.902616
    ],
    [
        51.312402,
        37.901365
    ],
    [
        51.31187,
        37.900156
    ],
    [
        51.311654,
        37.899586
    ],
    [
        51.311475,
        37.899177
    ],
    [
        51.311472,
        37.899064
    ],
    [
        51.311334,
        37.898884
    ],
    [
        51.311212,
        37.898603
    ],
    [
        51.31097,
        37.898031
    ],
    [
        51.310785,
        37.897609
    ],
    [
        51.311336,
        37.897012
    ],
    [
        51.311542,
        37.896789
    ],
    [
        51.311648,
        37.896824
    ],
    [
        51.311686,
        37.896652
    ],
    [
        51.312123,
        37.896113
    ],
    [
        51.312721,
        37.895453
    ],
    [
        51.313322,
        37.894817
    ],
    [
        51.313868,
        37.894202
    ],
    [
        51.314569,
        37.893415
    ],
    [
        51.315118,
        37.892796
    ],
    [
        51.315237,
        37.892688
    ],
    [
        51.315309,
        37.892734
    ],
    [
        51.315329,
        37.892573
    ],
    [
        51.315871,
        37.891967
    ],
    [
        51.316347,
        37.891448
    ],
    [
        51.316952,
        37.890762
    ],
    [
        51.31763,
        37.890019
    ],
    [
        51.317734,
        37.890014
    ],
    [
        51.317749,
        37.889903
    ],
    [
        51.318358,
        37.889195
    ],
    [
        51.318869,
        37.888656
    ],
    [
        51.319376,
        37.888067
    ],
    [
        51.319979,
        37.887405
    ],
    [
        51.32066,
        37.886651
    ],
    [
        51.32145,
        37.885776
    ],
    [
        51.321522,
        37.885791
    ],
    [
        51.321588,
        37.885645
    ],
    [
        51.322328,
        37.88479
    ],
    [
        51.323041,
        37.883996
    ],
    [
        51.323557,
        37.883436
    ],
    [
        51.324323,
        37.882593
    ],
    [
        51.324532,
        37.882381
    ],
    [
        51.324582,
        37.882409
    ],
    [
        51.324644,
        37.882369
    ],
    [
        51.277665,
        37.726612
    ],
    [
        51.277785,
        37.728288
    ],
    [
        51.277874,
        37.729979
    ],
    [
        51.278,
        37.731712
    ],
    [
        51.278045,
        37.732005
    ],
    [
        51.278196,
        37.732415
    ],
    [
        51.278421,
        37.732732
    ],
    [
        51.278589,
        37.732929
    ],
    [
        51.278878,
        37.733253
    ],
    [
        51.279594,
        37.734102
    ],
    [
        51.279874,
        37.734388
    ],
    [
        51.280122,
        37.734728
    ],
    [
        51.280237,
        37.735025
    ],
    [
        51.280289,
        37.735395
    ],
    [
        51.28034,
        37.735754
    ],
    [
        51.280384,
        37.736651
    ],
    [
        51.280433,
        37.737087
    ],
    [
        51.280499,
        37.737878
    ],
    [
        51.280612,
        37.739368
    ],
    [
        51.280657,
        37.739836
    ],
    [
        51.28072,
        37.741132
    ],
    [
        51.280817,
        37.742517
    ],
    [
        51.280959,
        37.745032
    ],
    [
        51.28098,
        37.746292
    ],
    [
        51.280885,
        37.748707
    ],
    [
        51.280895,
        37.749749
    ],
    [
        51.280954,
        37.750565
    ],
    [
        51.281192,
        37.751992
    ],
    [
        51.281441,
        37.753837
    ],
    [
        51.281591,
        37.755303
    ],
    [
        51.281906,
        37.75818
    ],
    [
        51.28201,
        37.759706
    ],
    [
        51.282096,
        37.761143
    ],
    [
        51.282171,
        37.76325
    ],
    [
        51.282147,
        37.763438
    ],
    [
        51.282201,
        37.763547
    ],
    [
        51.282261,
        37.764433
    ],
    [
        51.282434,
        37.7668
    ],
    [
        51.282566,
        37.768459
    ],
    [
        51.282649,
        37.769798
    ],
    [
        51.282714,
        37.770872
    ],
    [
        51.282817,
        37.771878
    ],
    [
        51.282886,
        37.772703
    ],
    [
        51.282845,
        37.772746
    ],
    [
        51.282936,
        37.772967
    ],
    [
        51.283087,
        37.774654
    ],
    [
        51.283251,
        37.776283
    ],
    [
        51.283391,
        37.777805
    ],
    [
        51.283351,
        37.77799
    ],
    [
        51.283442,
        37.778205
    ],
    [
        51.283655,
        37.779974
    ],
    [
        51.283778,
        37.781152
    ],
    [
        51.283884,
        37.782033
    ],
    [
        51.284055,
        37.783495
    ],
    [
        51.284269,
        37.785684
    ],
    [
        51.284416,
        37.786951
    ],
    [
        51.284419,
        37.787389
    ],
    [
        51.284428,
        37.787625
    ],
    [
        51.28433,
        37.787766
    ],
    [
        51.284277,
        37.788009
    ],
    [
        51.284312,
        37.788212
    ],
    [
        51.284405,
        37.788373
    ],
    [
        51.284468,
        37.788445
    ],
    [
        51.284573,
        37.788721
    ],
    [
        51.284674,
        37.789118
    ],
    [
        51.28473,
        37.789387
    ],
    [
        51.284831,
        37.790201
    ],
    [
        51.284922,
        37.790961
    ],
    [
        51.285066,
        37.792314
    ],
    [
        51.285123,
        37.792836
    ],
    [
        51.285088,
        37.792977
    ],
    [
        51.285168,
        37.793194
    ],
    [
        51.285211,
        37.793599
    ],
    [
        51.285341,
        37.794763
    ],
    [
        51.285437,
        37.795454
    ],
    [
        51.285479,
        37.795861
    ],
    [
        51.285666,
        37.797412
    ],
    [
        51.285751,
        37.798172
    ],
    [
        51.285943,
        37.799859
    ],
    [
        51.286089,
        37.801055
    ],
    [
        51.286192,
        37.801823
    ],
    [
        51.28618,
        37.802043
    ],
    [
        51.286214,
        37.80213
    ],
    [
        51.286361,
        37.803213
    ],
    [
        51.286473,
        37.80414
    ],
    [
        51.286596,
        37.80518
    ],
    [
        51.286726,
        37.806255
    ],
    [
        51.286815,
        37.806974
    ],
    [
        51.286931,
        37.808043
    ],
    [
        51.28696,
        37.808365
    ],
    [
        51.28695,
        37.808473
    ],
    [
        51.287018,
        37.808642
    ],
    [
        51.287085,
        37.809352
    ],
    [
        51.287209,
        37.810174
    ],
    [
        51.287411,
        37.812397
    ],
    [
        51.287389,
        37.812497
    ],
    [
        51.287465,
        37.812602
    ],
    [
        51.28757,
        37.813472
    ],
    [
        51.28775,
        37.81496
    ],
    [
        51.287845,
        37.815907
    ],
    [
        51.287868,
        37.816598
    ],
    [
        51.287841,
        37.817241
    ],
    [
        51.287756,
        37.817727
    ],
    [
        51.287625,
        37.818508
    ],
    [
        51.287536,
        37.81899
    ],
    [
        51.28745,
        37.819412
    ],
    [
        51.287389,
        37.819438
    ],
    [
        51.28742,
        37.819663
    ],
    [
        51.287216,
        37.820285
    ],
    [
        51.287048,
        37.820615
    ],
    [
        51.286926,
        37.820979
    ],
    [
        51.286925,
        37.821266
    ],
    [
        51.286911,
        37.821608
    ],
    [
        51.286922,
        37.822023
    ],
    [
        51.28697,
        37.822289
    ],
    [
        51.287063,
        37.82241
    ],
    [
        51.28719,
        37.82245
    ],
    [
        51.287315,
        37.822384
    ],
    [
        51.287463,
        37.822315
    ],
    [
        51.287587,
        37.822235
    ],
    [
        51.287696,
        37.822225
    ],
    [
        51.287902,
        37.822476
    ],
    [
        51.288318,
        37.822899
    ],
    [
        51.288834,
        37.82353
    ],
    [
        51.289289,
        37.824038
    ],
    [
        51.289646,
        37.824435
    ],
    [
        51.289686,
        37.824527
    ],
    [
        51.289798,
        37.824584
    ],
    [
        51.290232,
        37.825052
    ],
    [
        51.290897,
        37.825739
    ],
    [
        51.291491,
        37.82642
    ],
    [
        51.292302,
        37.827481
    ],
    [
        51.29326,
        37.828696
    ],
    [
        51.293869,
        37.829513
    ],
    [
        51.294345,
        37.830184
    ],
    [
        51.294755,
        37.83086
    ],
    [
        51.295133,
        37.83171
    ],
    [
        51.295636,
        37.83284
    ],
    [
        51.296184,
        37.834051
    ],
    [
        51.296574,
        37.834955
    ],
    [
        51.296659,
        37.835055
    ],
    [
        51.29648,
        37.83529
    ],
    [
        51.295979,
        37.835815
    ],
    [
        51.295897,
        37.835838
    ],
    [
        51.295817,
        37.836022
    ],
    [
        51.295091,
        37.836836
    ],
    [
        51.295973,
        37.838805
    ],
    [
        51.296857,
        37.840803
    ],
    [
        51.297865,
        37.843039
    ],
    [
        51.298862,
        37.845187
    ],
    [
        51.29966,
        37.847023
    ],
    [
        51.299654,
        37.847086
    ],
    [
        51.299713,
        37.847129
    ],
    [
        51.300258,
        37.848304
    ],
    [
        51.300948,
        37.849818
    ],
    [
        51.301699,
        37.851464
    ],
    [
        51.301997,
        37.852089
    ],
    [
        51.302252,
        37.852453
    ],
    [
        51.302519,
        37.852724
    ],
    [
        51.302549,
        37.852819
    ],
    [
        51.302615,
        37.852834
    ],
    [
        51.302989,
        37.853257
    ],
    [
        51.30355,
        37.853993
    ],
    [
        51.304179,
        37.854893
    ],
    [
        51.304994,
        37.856391
    ],
    [
        51.305565,
        37.857787
    ],
    [
        51.305624,
        37.857945
    ],
    [
        51.305605,
        37.85805
    ],
    [
        51.30569,
        37.858073
    ],
    [
        51.306335,
        37.859402
    ],
    [
        51.306704,
        37.86021
    ],
    [
        51.306863,
        37.860969
    ],
    [
        51.306881,
        37.862088
    ],
    [
        51.306907,
        37.863605
    ],
    [
        51.306931,
        37.864806
    ],
    [
        51.306896,
        37.864891
    ],
    [
        51.306934,
        37.864952
    ],
    [
        51.306979,
        37.866132
    ],
    [
        51.307016,
        37.867214
    ],
    [
        51.306803,
        37.868184
    ],
    [
        51.306777,
        37.868485
    ],
    [
        51.306614,
        37.869304
    ],
    [
        51.30651,
        37.870078
    ],
    [
        51.306503,
        37.87119
    ],
    [
        51.306571,
        37.872856
    ],
    [
        51.306622,
        37.874267
    ],
    [
        51.306647,
        37.87524
    ],
    [
        51.306607,
        37.875388
    ],
    [
        51.306647,
        37.875501
    ],
    [
        51.306681,
        37.877053
    ],
    [
        51.306706,
        37.878595
    ],
    [
        51.306729,
        37.880014
    ],
    [
        51.306743,
        37.881041
    ],
    [
        51.306717,
        37.881517
    ],
    [
        51.3066,
        37.881983
    ],
    [
        51.305967,
        37.883529
    ],
    [
        51.305918,
        37.883524
    ],
    [
        51.305889,
        37.883723
    ],
    [
        51.305716,
        37.884092
    ],
    [
        51.305322,
        37.885029
    ],
    [
        51.30516,
        37.885354
    ],
    [
        51.304875,
        37.886079
    ],
    [
        51.304736,
        37.886459
    ],
    [
        51.304677,
        37.886715
    ],
    [
        51.304522,
        37.886861
    ],
    [
        51.30376,
        37.887704
    ],
    [
        51.302899,
        37.888664
    ],
    [
        51.302294,
        37.889304
    ],
    [
        51.302228,
        37.889294
    ],
    [
        51.302166,
        37.889481
    ],
    [
        51.301914,
        37.889765
    ],
    [
        51.301139,
        37.89061
    ],
    [
        51.300548,
        37.891214
    ],
    [
        51.300281,
        37.891487
    ],
    [
        51.300146,
        37.891467
    ],
    [
        51.300001,
        37.891295
    ],
    [
        51.299838,
        37.890901
    ],
    [
        51.299511,
        37.890165
    ],
    [
        51.299437,
        37.89009
    ],
    [
        51.299341,
        37.89008
    ],
    [
        51.29929,
        37.890175
    ],
    [
        51.299218,
        37.890306
    ],
    [
        51.299246,
        37.890488
    ],
    [
        51.299449,
        37.890956
    ],
    [
        51.300094,
        37.892452
    ],
    [
        51.300349,
        37.89306
    ],
    [
        51.300655,
        37.893645
    ],
    [
        51.300833,
        37.893975
    ],
    [
        51.301179,
        37.894449
    ],
    [
        51.301301,
        37.894643
    ],
    [
        51.301522,
        37.895163
    ],
    [
        51.30181,
        37.895808
    ],
    [
        51.302161,
        37.896621
    ],
    [
        51.302137,
        37.896742
    ],
    [
        51.302287,
        37.896921
    ],
    [
        51.302812,
        37.898095
    ],
    [
        51.303287,
        37.899168
    ],
    [
        51.303871,
        37.900523
    ],
    [
        51.30437,
        37.901642
    ],
    [
        51.304918,
        37.902939
    ],
    [
        51.305536,
        37.904359
    ],
    [
        51.306163,
        37.905815
    ],
    [
        51.30661,
        37.906829
    ],
    [
        51.307104,
        37.907955
    ],
    [
        51.307632,
        37.909112
    ],
    [
        51.307709,
        37.909329
    ],
    [
        51.30768,
        37.909409
    ],
    [
        51.307798,
        37.909583
    ],
    [
        51.308209,
        37.910625
    ],
    [
        51.308328,
        37.911009
    ],
    [
        51.308346,
        37.911185
    ],
    [
        51.308368,
        37.911323
    ],
    [
        51.308496,
        37.911464
    ],
    [
        51.308607,
        37.911477
    ],
    [
        51.308687,
        37.911421
    ],
    [
        51.308754,
        37.911282
    ],
    [
        51.308796,
        37.911113
    ],
    [
        51.308941,
        37.91091
    ],
    [
        51.309242,
        37.910522
    ],
    [
        51.309858,
        37.909812
    ],
    [
        51.310174,
        37.909484
    ],
    [
        51.310214,
        37.909505
    ],
    [
        51.310269,
        37.909357
    ],
    [
        51.311026,
        37.908501
    ],
    [
        51.311983,
        37.907469
    ],
    [
        51.312044,
        37.907516
    ],
    [
        51.312178,
        37.907237
    ],
    [
        51.31304,
        37.906269
    ],
    [
        51.313854,
        37.905383
    ],
    [
        51.314008,
        37.905366
    ],
    [
        51.31411,
        37.905358
    ],
    [
        51.314184,
        37.905113
    ],
    [
        51.314155,
        37.904893
    ],
    [
        51.314039,
        37.904783
    ],
    [
        51.313931,
        37.904733
    ],
    [
        51.313831,
        37.904576
    ],
    [
        51.313717,
        37.904319
    ],
    [
        51.313633,
        37.904125
    ],
    [
        51.313646,
        37.904002
    ],
    [
        51.313559,
        37.903918
    ],
    [
        51.313461,
        37.903761
    ],
    [
        51.312484,
        37.90151
    ],
    [
        51.311879,
        37.900146
    ],
    [
        51.311468,
        37.899165
    ],
    [
        51.311462,
        37.899055
    ],
    [
        51.31142,
        37.898983
    ],
    [
        51.31132,
        37.898846
    ],
    [
        51.310783,
        37.897588
    ],
    [
        51.311535,
        37.89679
    ],
    [
        51.311622,
        37.896794
    ],
    [
        51.31168,
        37.896616
    ],
    [
        51.312905,
        37.895248
    ],
    [
        51.314367,
        37.893644
    ],
    [
        51.315251,
        37.892672
    ],
    [
        51.315311,
        37.892698
    ],
    [
        51.315412,
        37.892487
    ],
    [
        51.316261,
        37.891552
    ],
    [
        51.317182,
        37.890548
    ],
    [
        51.317639,
        37.890002
    ],
    [
        51.317734,
        37.889998
    ],
    [
        51.317779,
        37.889872
    ],
    [
        51.318666,
        37.888845
    ],
    [
        51.319687,
        37.887747
    ],
    [
        51.320633,
        37.886679
    ],
    [
        51.321447,
        37.8858
    ],
    [
        51.321534,
        37.885766
    ],
    [
        51.321637,
        37.885555
    ],
    [
        51.322829,
        37.884244
    ],
    [
        51.323742,
        37.883233
    ],
    [
        51.324541,
        37.88235
    ],
    [
        51.324628,
        37.882363
    ],
    [
        51.324692,
        37.882287
    ],
    [
        51.24323,
        37.794707
    ],
    [
        51.243442,
        37.793597
    ],
    [
        51.243323,
        37.793217
    ],
    [
        51.243319,
        37.792885
    ],
    [
        51.243501,
        37.791801
    ],
    [
        51.244004,
        37.789147
    ],
    [
        51.242915,
        37.788649
    ],
    [
        51.243099,
        37.787491
    ],
    [
        51.243398,
        37.785886
    ],
    [
        51.243855,
        37.783415
    ],
    [
        51.244252,
        37.78136
    ],
    [
        51.244437,
        37.780735
    ],
    [
        51.244628,
        37.780376
    ],
    [
        51.244809,
        37.780151
    ],
    [
        51.24557,
        37.779454
    ],
    [
        51.246018,
        37.77907
    ],
    [
        51.246344,
        37.778977
    ],
    [
        51.246586,
        37.779032
    ],
    [
        51.246972,
        37.779202
    ],
    [
        51.248021,
        37.779664
    ],
    [
        51.248824,
        37.780024
    ],
    [
        51.249215,
        37.780072
    ],
    [
        51.249499,
        37.780013
    ],
    [
        51.249832,
        37.779926
    ],
    [
        51.250178,
        37.779612
    ],
    [
        51.250338,
        37.779398
    ],
    [
        51.250976,
        37.778579
    ],
    [
        51.252195,
        37.777026
    ],
    [
        51.252491,
        37.776655
    ],
    [
        51.252852,
        37.776486
    ],
    [
        51.253286,
        37.777416
    ],
    [
        51.253313,
        37.777509
    ],
    [
        51.253333,
        37.777548
    ],
    [
        51.253415,
        37.777627
    ],
    [
        51.254242,
        37.779255
    ],
    [
        51.255104,
        37.780968
    ],
    [
        51.256174,
        37.783044
    ],
    [
        51.258003,
        37.786497
    ],
    [
        51.258682,
        37.787523
    ],
    [
        51.261441,
        37.790661
    ],
    [
        51.266024,
        37.795732
    ],
    [
        51.266525,
        37.796578
    ],
    [
        51.269392,
        37.801844
    ],
    [
        51.271413,
        37.805565
    ],
    [
        51.271567,
        37.8063
    ],
    [
        51.27164,
        37.806743
    ],
    [
        51.2718,
        37.806848
    ],
    [
        51.271903,
        37.806793
    ],
    [
        51.271959,
        37.806765
    ],
    [
        51.272266,
        37.806967
    ],
    [
        51.272922,
        37.807497
    ],
    [
        51.273653,
        37.807979
    ],
    [
        51.274273,
        37.808378
    ],
    [
        51.274994,
        37.808848
    ],
    [
        51.27585,
        37.809401
    ],
    [
        51.276392,
        37.809761
    ],
    [
        51.276953,
        37.810134
    ],
    [
        51.277477,
        37.810479
    ],
    [
        51.277991,
        37.810807
    ],
    [
        51.278323,
        37.811043
    ],
    [
        51.278709,
        37.811289
    ],
    [
        51.279049,
        37.811545
    ],
    [
        51.279581,
        37.812219
    ],
    [
        51.279918,
        37.812639
    ],
    [
        51.279979,
        37.812718
    ],
    [
        51.279997,
        37.812798
    ],
    [
        51.280034,
        37.812868
    ],
    [
        51.280113,
        37.812865
    ],
    [
        51.280852,
        37.813776
    ],
    [
        51.28133,
        37.814366
    ],
    [
        51.281873,
        37.81506
    ],
    [
        51.282227,
        37.815477
    ],
    [
        51.282307,
        37.815589
    ],
    [
        51.282308,
        37.815625
    ],
    [
        51.282331,
        37.815652
    ],
    [
        51.282374,
        37.815649
    ],
    [
        51.282691,
        37.815987
    ],
    [
        51.283086,
        37.816402
    ],
    [
        51.283771,
        37.817256
    ],
    [
        51.284351,
        37.817997
    ],
    [
        51.284953,
        37.818736
    ],
    [
        51.285453,
        37.819416
    ],
    [
        51.286017,
        37.820167
    ],
    [
        51.286112,
        37.820304
    ],
    [
        51.286102,
        37.820344
    ],
    [
        51.286129,
        37.820368
    ],
    [
        51.28619,
        37.820387
    ],
    [
        51.28653,
        37.820823
    ],
    [
        51.286881,
        37.821309
    ],
    [
        51.286918,
        37.821815
    ],
    [
        51.286965,
        37.822316
    ],
    [
        51.287059,
        37.822407
    ],
    [
        51.287186,
        37.822443
    ],
    [
        51.28755,
        37.822274
    ],
    [
        51.287707,
        37.822236
    ],
    [
        51.288159,
        37.82275
    ],
    [
        51.288686,
        37.823342
    ],
    [
        51.289215,
        37.823949
    ],
    [
        51.289663,
        37.82446
    ],
    [
        51.289678,
        37.824516
    ],
    [
        51.289698,
        37.824526
    ],
    [
        51.289729,
        37.824523
    ],
    [
        51.290295,
        37.825107
    ],
    [
        51.290796,
        37.825633
    ],
    [
        51.291315,
        37.826215
    ],
    [
        51.291761,
        37.82679
    ],
    [
        51.292419,
        37.827619
    ],
    [
        51.293014,
        37.828371
    ],
    [
        51.293596,
        37.829151
    ],
    [
        51.294235,
        37.830015
    ],
    [
        51.294657,
        37.830694
    ],
    [
        51.295009,
        37.831415
    ],
    [
        51.295291,
        37.832044
    ],
    [
        51.295807,
        37.833192
    ],
    [
        51.296312,
        37.834346
    ],
    [
        51.296586,
        37.834995
    ],
    [
        51.296649,
        37.835039
    ],
    [
        51.296621,
        37.835133
    ],
    [
        51.296494,
        37.83524
    ],
    [
        51.296364,
        37.835414
    ],
    [
        51.296081,
        37.835709
    ],
    [
        51.29597,
        37.835822
    ],
    [
        51.295928,
        37.83579
    ],
    [
        51.295886,
        37.835849
    ],
    [
        51.295859,
        37.835966
    ],
    [
        51.29576,
        37.836102
    ],
    [
        51.295521,
        37.836368
    ],
    [
        51.295306,
        37.836614
    ],
    [
        51.295197,
        37.83673
    ],
    [
        51.295104,
        37.836824
    ],
    [
        51.295113,
        37.836903
    ],
    [
        51.295342,
        37.837406
    ],
    [
        51.29558,
        37.837937
    ],
    [
        51.295835,
        37.838506
    ],
    [
        51.296183,
        37.839274
    ],
    [
        51.296543,
        37.840098
    ],
    [
        51.296907,
        37.840901
    ],
    [
        51.297235,
        37.841651
    ],
    [
        51.297648,
        37.842569
    ],
    [
        51.298015,
        37.843401
    ],
    [
        51.298311,
        37.844039
    ],
    [
        51.298629,
        37.844723
    ],
    [
        51.298894,
        37.845271
    ],
    [
        51.299173,
        37.845906
    ],
    [
        51.299502,
        37.84665
    ],
    [
        51.299658,
        37.847028
    ],
    [
        51.299664,
        37.847097
    ],
    [
        51.299678,
        37.84715
    ],
    [
        51.299727,
        37.847167
    ],
    [
        51.300013,
        37.847797
    ],
    [
        51.300405,
        37.848661
    ],
    [
        51.301004,
        37.849962
    ],
    [
        51.301458,
        37.850956
    ],
    [
        51.301787,
        37.851661
    ],
    [
        51.302027,
        37.852158
    ],
    [
        51.302201,
        37.852412
    ],
    [
        51.302512,
        37.852725
    ],
    [
        51.302554,
        37.852823
    ],
    [
        51.302573,
        37.852854
    ],
    [
        51.302621,
        37.852852
    ],
    [
        51.302719,
        37.852946
    ],
    [
        51.302957,
        37.853229
    ],
    [
        51.303347,
        37.85377
    ],
    [
        51.303763,
        37.854324
    ],
    [
        51.30414,
        37.854854
    ],
    [
        51.30452,
        37.855519
    ],
    [
        51.304949,
        37.856282
    ],
    [
        51.30539,
        37.857398
    ],
    [
        51.30562,
        37.857951
    ],
    [
        51.305622,
        37.858009
    ],
    [
        51.305647,
        37.858065
    ],
    [
        51.305708,
        37.858106
    ],
    [
        51.305992,
        37.858738
    ],
    [
        51.306396,
        37.859557
    ],
    [
        51.306651,
        37.860096
    ],
    [
        51.306858,
        37.860887
    ],
    [
        51.30686,
        37.861346
    ],
    [
        51.306882,
        37.862553
    ],
    [
        51.306899,
        37.863599
    ],
    [
        51.306907,
        37.864207
    ],
    [
        51.306914,
        37.864641
    ],
    [
        51.306923,
        37.864827
    ],
    [
        51.306902,
        37.864862
    ],
    [
        51.306902,
        37.864937
    ],
    [
        51.306939,
        37.86504
    ],
    [
        51.306937,
        37.865297
    ],
    [
        51.306985,
        37.866574
    ],
    [
        51.307003,
        37.867091
    ],
    [
        51.307003,
        37.867252
    ],
    [
        51.306909,
        37.867681
    ],
    [
        51.306783,
        37.868256
    ],
    [
        51.306737,
        37.868743
    ],
    [
        51.306567,
        37.869549
    ],
    [
        51.306498,
        37.870406
    ],
    [
        51.306512,
        37.871133
    ],
    [
        51.306546,
        37.872103
    ],
    [
        51.306575,
        37.872875
    ],
    [
        51.306618,
        37.874072
    ],
    [
        51.306627,
        37.874379
    ],
    [
        51.306654,
        37.875141
    ],
    [
        51.306639,
        37.875328
    ],
    [
        51.30661,
        37.875389
    ],
    [
        51.306612,
        37.875483
    ],
    [
        51.306652,
        37.875531
    ],
    [
        51.306677,
        37.876588
    ],
    [
        51.306689,
        37.877806
    ],
    [
        51.306717,
        37.879112
    ],
    [
        51.306734,
        37.880461
    ],
    [
        51.306734,
        37.88133
    ],
    [
        51.306685,
        37.881714
    ],
    [
        51.306576,
        37.882043
    ],
    [
        51.306372,
        37.882533
    ],
    [
        51.30617,
        37.883026
    ],
    [
        51.305968,
        37.883488
    ],
    [
        51.305925,
        37.883485
    ],
    [
        51.305907,
        37.883518
    ],
    [
        51.305907,
        37.883627
    ],
    [
        51.30572,
        37.884118
    ],
    [
        51.305485,
        37.884648
    ],
    [
        51.305356,
        37.884921
    ],
    [
        51.304916,
        37.885922
    ],
    [
        51.304681,
        37.886624
    ],
    [
        51.304506,
        37.886861
    ],
    [
        51.304254,
        37.887147
    ],
    [
        51.304066,
        37.887367
    ],
    [
        51.303712,
        37.887754
    ],
    [
        51.303374,
        37.888104
    ],
    [
        51.303103,
        37.888427
    ],
    [
        51.302886,
        37.888668
    ],
    [
        51.302605,
        37.888981
    ],
    [
        51.30238,
        37.889222
    ],
    [
        51.302311,
        37.889295
    ],
    [
        51.302259,
        37.889282
    ],
    [
        51.302222,
        37.889309
    ],
    [
        51.302208,
        37.889408
    ],
    [
        51.302105,
        37.889541
    ],
    [
        51.301891,
        37.889789
    ],
    [
        51.30165,
        37.890045
    ],
    [
        51.301315,
        37.890412
    ],
    [
        51.300957,
        37.890812
    ],
    [
        51.300639,
        37.89113
    ],
    [
        51.300333,
        37.891455
    ],
    [
        51.30014,
        37.891477
    ],
    [
        51.300001,
        37.89132
    ],
    [
        51.299804,
        37.890828
    ],
    [
        51.299498,
        37.890128
    ],
    [
        51.299309,
        37.890125
    ],
    [
        51.299265,
        37.890204
    ],
    [
        51.299225,
        37.890397
    ],
    [
        51.299323,
        37.890675
    ],
    [
        51.299645,
        37.891423
    ],
    [
        51.300142,
        37.892541
    ],
    [
        51.300582,
        37.89353
    ],
    [
        51.300971,
        37.89419
    ],
    [
        51.301121,
        37.894391
    ],
    [
        51.301202,
        37.894486
    ],
    [
        51.301298,
        37.894626
    ],
    [
        51.301358,
        37.894779
    ],
    [
        51.30159,
        37.895321
    ],
    [
        51.301838,
        37.895871
    ],
    [
        51.302034,
        37.896339
    ],
    [
        51.302115,
        37.896534
    ],
    [
        51.302167,
        37.896671
    ],
    [
        51.30215,
        37.896723
    ],
    [
        51.302178,
        37.896769
    ],
    [
        51.302255,
        37.896853
    ],
    [
        51.302453,
        37.897279
    ],
    [
        51.302682,
        37.897806
    ],
    [
        51.302921,
        37.898313
    ],
    [
        51.30315,
        37.898839
    ],
    [
        51.303426,
        37.899451
    ],
    [
        51.30358,
        37.899842
    ],
    [
        51.303755,
        37.900284
    ],
    [
        51.304009,
        37.900841
    ],
    [
        51.304215,
        37.901309
    ],
    [
        51.304382,
        37.90171
    ],
    [
        51.30457,
        37.902164
    ],
    [
        51.304876,
        37.902847
    ],
    [
        51.305062,
        37.9033
    ],
    [
        51.30523,
        37.903665
    ],
    [
        51.305415,
        37.904093
    ],
    [
        51.305565,
        37.904448
    ],
    [
        51.305824,
        37.905063
    ],
    [
        51.306185,
        37.90582
    ],
    [
        51.306409,
        37.906376
    ],
    [
        51.306663,
        37.906933
    ],
    [
        51.306956,
        37.907622
    ],
    [
        51.30723,
        37.908247
    ],
    [
        51.30757,
        37.908963
    ],
    [
        51.307677,
        37.909269
    ],
    [
        51.307663,
        37.909384
    ],
    [
        51.307719,
        37.909498
    ],
    [
        51.307818,
        37.909579
    ],
    [
        51.308093,
        37.910329
    ],
    [
        51.30832,
        37.910997
    ],
    [
        51.308344,
        37.911263
    ],
    [
        51.308419,
        37.911424
    ],
    [
        51.308541,
        37.911507
    ],
    [
        51.308631,
        37.911442
    ],
    [
        51.308708,
        37.911334
    ],
    [
        51.308776,
        37.911222
    ],
    [
        51.308833,
        37.911023
    ],
    [
        51.309021,
        37.910804
    ],
    [
        51.309204,
        37.910566
    ],
    [
        51.30941,
        37.91031
    ],
    [
        51.309632,
        37.910063
    ],
    [
        51.309841,
        37.909849
    ],
    [
        51.310108,
        37.909528
    ],
    [
        51.310221,
        37.909489
    ],
    [
        51.310259,
        37.90941
    ],
    [
        51.310334,
        37.909251
    ],
    [
        51.310679,
        37.908911
    ],
    [
        51.310962,
        37.908584
    ],
    [
        51.311321,
        37.908176
    ],
    [
        51.311689,
        37.907794
    ],
    [
        51.311886,
        37.907591
    ],
    [
        51.312015,
        37.907514
    ],
    [
        51.312076,
        37.907461
    ],
    [
        51.312101,
        37.907323
    ],
    [
        51.31244,
        37.906943
    ],
    [
        51.31275,
        37.906614
    ],
    [
        51.31305,
        37.906253
    ],
    [
        51.313317,
        37.905942
    ],
    [
        51.313724,
        37.905503
    ],
    [
        51.313908,
        37.905359
    ],
    [
        51.313993,
        37.905361
    ],
    [
        51.314063,
        37.905347
    ],
    [
        51.314124,
        37.905297
    ],
    [
        51.314168,
        37.905123
    ],
    [
        51.314142,
        37.904906
    ],
    [
        51.314026,
        37.904804
    ],
    [
        51.314027,
        37.904805
    ],
    [
        51.313982,
        37.904783
    ],
    [
        51.313926,
        37.904746
    ],
    [
        51.313859,
        37.904677
    ],
    [
        51.313704,
        37.904346
    ],
    [
        51.313593,
        37.904053
    ],
    [
        51.313612,
        37.904042
    ],
    [
        51.313595,
        37.903981
    ],
    [
        51.313563,
        37.903978
    ],
    [
        51.313526,
        37.903918
    ],
    [
        51.31343,
        37.903709
    ],
    [
        51.31335,
        37.903519
    ],
    [
        51.313215,
        37.903196
    ],
    [
        51.313014,
        37.902751
    ],
    [
        51.312812,
        37.902316
    ],
    [
        51.31262,
        37.901852
    ],
    [
        51.31241,
        37.901376
    ],
    [
        51.312166,
        37.900825
    ],
    [
        51.311999,
        37.900421
    ],
    [
        51.311831,
        37.900038
    ],
    [
        51.311669,
        37.899641
    ],
    [
        51.311543,
        37.899332
    ],
    [
        51.311419,
        37.899075
    ],
    [
        51.311449,
        37.899026
    ],
    [
        51.311419,
        37.898942
    ],
    [
        51.311365,
        37.898943
    ],
    [
        51.311268,
        37.898747
    ],
    [
        51.311113,
        37.898352
    ],
    [
        51.310807,
        37.897608
    ],
    [
        51.310958,
        37.897421
    ],
    [
        51.311373,
        37.896964
    ],
    [
        51.311586,
        37.896758
    ],
    [
        51.311616,
        37.896805
    ],
    [
        51.311658,
        37.896755
    ],
    [
        51.311721,
        37.89656
    ],
    [
        51.312219,
        37.896014
    ],
    [
        51.31271,
        37.895474
    ],
    [
        51.313238,
        37.89488
    ],
    [
        51.313655,
        37.894426
    ],
    [
        51.314101,
        37.893935
    ],
    [
        51.314511,
        37.893476
    ],
    [
        51.314939,
        37.893005
    ],
    [
        51.315259,
        37.892666
    ],
    [
        51.315306,
        37.892701
    ],
    [
        51.315332,
        37.892666
    ],
    [
        51.315404,
        37.892491
    ],
    [
        51.315666,
        37.892168
    ],
    [
        51.316027,
        37.89181
    ],
    [
        51.316317,
        37.891454
    ],
    [
        51.316566,
        37.891197
    ],
    [
        51.317323,
        37.890369
    ],
    [
        51.317638,
        37.890014
    ],
    [
        51.317733,
        37.889987
    ],
    [
        51.317783,
        37.889934
    ],
    [
        51.317867,
        37.889743
    ],
    [
        51.318428,
        37.88913
    ],
    [
        51.319185,
        37.888264
    ],
    [
        51.319667,
        37.887757
    ],
    [
        51.320248,
        37.887099
    ],
    [
        51.320701,
        37.886605
    ],
    [
        51.321123,
        37.886139
    ],
    [
        51.321468,
        37.885757
    ],
    [
        51.321521,
        37.885775
    ],
    [
        51.321543,
        37.885748
    ],
    [
        51.321592,
        37.885606
    ],
    [
        51.322099,
        37.885071
    ],
    [
        51.322566,
        37.884515
    ],
    [
        51.323049,
        37.883989
    ],
    [
        51.323277,
        37.883735
    ],
    [
        51.323396,
        37.883597
    ],
    [
        51.323585,
        37.883425
    ],
    [
        51.323911,
        37.883042
    ],
    [
        51.324263,
        37.88271
    ],
    [
        51.324557,
        37.882377
    ],
    [
        51.324622,
        37.882391
    ],
    [
        51.324653,
        37.882332
    ],
    [
        51.243244,
        37.79469
    ],
    [
        51.243438,
        37.793588
    ],
    [
        51.243328,
        37.79322
    ],
    [
        51.243305,
        37.792855
    ],
    [
        51.243879,
        37.789814
    ],
    [
        51.244011,
        37.789147
    ],
    [
        51.242922,
        37.788652
    ],
    [
        51.243121,
        37.787349
    ],
    [
        51.243745,
        37.783989
    ],
    [
        51.244251,
        37.781341
    ],
    [
        51.244407,
        37.780802
    ],
    [
        51.244572,
        37.780509
    ],
    [
        51.244602,
        37.780422
    ],
    [
        51.244674,
        37.780299
    ],
    [
        51.244801,
        37.780158
    ],
    [
        51.245099,
        37.779889
    ],
    [
        51.245979,
        37.779098
    ],
    [
        51.24634,
        37.778988
    ],
    [
        51.246498,
        37.779026
    ],
    [
        51.246602,
        37.779035
    ],
    [
        51.248009,
        37.779663
    ],
    [
        51.248819,
        37.780015
    ],
    [
        51.249237,
        37.780068
    ],
    [
        51.249315,
        37.780064
    ],
    [
        51.249641,
        37.779978
    ],
    [
        51.249846,
        37.779931
    ],
    [
        51.250189,
        37.779594
    ],
    [
        51.250442,
        37.779268
    ],
    [
        51.251185,
        37.778309
    ],
    [
        51.252131,
        37.777118
    ],
    [
        51.252486,
        37.776662
    ],
    [
        51.252851,
        37.776489
    ],
    [
        51.253747,
        37.778278
    ],
    [
        51.255019,
        37.780794
    ],
    [
        51.25618,
        37.783032
    ],
    [
        51.257466,
        37.785482
    ],
    [
        51.258176,
        37.786765
    ],
    [
        51.258726,
        37.787591
    ],
    [
        51.259755,
        37.788759
    ],
    [
        51.259786,
        37.78886
    ],
    [
        51.259809,
        37.788896
    ],
    [
        51.259876,
        37.788886
    ],
    [
        51.26023,
        37.78928
    ],
    [
        51.261252,
        37.790425
    ],
    [
        51.26235,
        37.791652
    ],
    [
        51.263232,
        37.792621
    ],
    [
        51.26406,
        37.793579
    ],
    [
        51.265109,
        37.794741
    ],
    [
        51.266213,
        37.796035
    ],
    [
        51.267013,
        37.797459
    ],
    [
        51.267921,
        37.799127
    ],
    [
        51.268848,
        37.800818
    ],
    [
        51.269682,
        37.802374
    ],
    [
        51.270772,
        37.804369
    ],
    [
        51.271133,
        37.805086
    ],
    [
        51.27113,
        37.805136
    ],
    [
        51.271146,
        37.805166
    ],
    [
        51.271217,
        37.80524
    ],
    [
        51.271437,
        37.80565
    ],
    [
        51.271555,
        37.806175
    ],
    [
        51.27154,
        37.806493
    ],
    [
        51.271649,
        37.806726
    ],
    [
        51.271685,
        37.806722
    ],
    [
        51.271776,
        37.806794
    ],
    [
        51.271921,
        37.806764
    ],
    [
        51.272079,
        37.806835
    ],
    [
        51.272347,
        37.807019
    ],
    [
        51.272565,
        37.80722
    ],
    [
        51.272799,
        37.807405
    ],
    [
        51.273107,
        37.807606
    ],
    [
        51.273454,
        37.807846
    ],
    [
        51.273792,
        37.808065
    ],
    [
        51.27412,
        37.808277
    ],
    [
        51.274435,
        37.808483
    ],
    [
        51.274745,
        37.808687
    ],
    [
        51.275079,
        37.80891
    ],
    [
        51.275443,
        37.809143
    ],
    [
        51.275881,
        37.809439
    ],
    [
        51.27627,
        37.809693
    ],
    [
        51.276718,
        37.80998
    ],
    [
        51.277113,
        37.810247
    ],
    [
        51.277577,
        37.810547
    ],
    [
        51.277945,
        37.810781
    ],
    [
        51.278311,
        37.81103
    ],
    [
        51.278689,
        37.811261
    ],
    [
        51.278969,
        37.8115
    ],
    [
        51.27906,
        37.811555
    ],
    [
        51.279408,
        37.812009
    ],
    [
        51.279634,
        37.812297
    ],
    [
        51.279798,
        37.812503
    ],
    [
        51.279976,
        37.812727
    ],
    [
        51.280012,
        37.812786
    ],
    [
        51.280008,
        37.812841
    ],
    [
        51.280032,
        37.812864
    ],
    [
        51.28008,
        37.812861
    ],
    [
        51.280408,
        37.813238
    ],
    [
        51.280721,
        37.813627
    ],
    [
        51.281079,
        37.814069
    ],
    [
        51.281472,
        37.814558
    ],
    [
        51.281868,
        37.815045
    ],
    [
        51.282255,
        37.815498
    ],
    [
        51.282306,
        37.815629
    ],
    [
        51.282357,
        37.815677
    ],
    [
        51.282466,
        37.815704
    ],
    [
        51.28282,
        37.816129
    ],
    [
        51.283107,
        37.816456
    ],
    [
        51.283401,
        37.816818
    ],
    [
        51.28365,
        37.817131
    ],
    [
        51.283922,
        37.817465
    ],
    [
        51.284113,
        37.817703
    ],
    [
        51.284348,
        37.817984
    ],
    [
        51.284596,
        37.818311
    ],
    [
        51.284865,
        37.818639
    ],
    [
        51.28511,
        37.818941
    ],
    [
        51.285402,
        37.819357
    ],
    [
        51.28558,
        37.819587
    ],
    [
        51.285841,
        37.819938
    ],
    [
        51.286077,
        37.820245
    ],
    [
        51.286098,
        37.820328
    ],
    [
        51.286122,
        37.820351
    ],
    [
        51.28617,
        37.820376
    ],
    [
        51.28623,
        37.820447
    ],
    [
        51.286486,
        37.820777
    ],
    [
        51.286618,
        37.820938
    ],
    [
        51.286782,
        37.821163
    ],
    [
        51.286897,
        37.82134
    ],
    [
        51.286911,
        37.821707
    ],
    [
        51.28695,
        37.822196
    ],
    [
        51.286984,
        37.822359
    ],
    [
        51.287102,
        37.822445
    ],
    [
        51.28722,
        37.822422
    ],
    [
        51.287391,
        37.822351
    ],
    [
        51.287572,
        37.822249
    ],
    [
        51.287675,
        37.822225
    ],
    [
        51.287783,
        37.822288
    ],
    [
        51.288011,
        37.822591
    ],
    [
        51.288301,
        37.822929
    ],
    [
        51.288568,
        37.823218
    ],
    [
        51.288839,
        37.823526
    ],
    [
        51.289097,
        37.823829
    ],
    [
        51.289307,
        37.824063
    ],
    [
        51.289506,
        37.824283
    ],
    [
        51.289686,
        37.824476
    ],
    [
        51.289678,
        37.82452
    ],
    [
        51.289717,
        37.824548
    ],
    [
        51.289759,
        37.824551
    ],
    [
        51.290151,
        37.824946
    ],
    [
        51.290475,
        37.825297
    ],
    [
        51.29075,
        37.825592
    ],
    [
        51.291002,
        37.825853
    ],
    [
        51.291307,
        37.82623
    ],
    [
        51.291559,
        37.826549
    ],
    [
        51.291939,
        37.827021
    ],
    [
        51.292348,
        37.827535
    ],
    [
        51.292722,
        37.828028
    ],
    [
        51.293057,
        37.82844
    ],
    [
        51.293405,
        37.828892
    ],
    [
        51.293776,
        37.829387
    ],
    [
        51.294302,
        37.830114
    ],
    [
        51.294623,
        37.830622
    ],
    [
        51.294954,
        37.831255
    ],
    [
        51.295288,
        37.832036
    ],
    [
        51.295507,
        37.832533
    ],
    [
        51.295707,
        37.832981
    ],
    [
        51.295979,
        37.833587
    ],
    [
        51.296261,
        37.834227
    ],
    [
        51.296509,
        37.834822
    ],
    [
        51.296584,
        37.834982
    ],
    [
        51.296638,
        37.835047
    ],
    [
        51.296659,
        37.835077
    ],
    [
        51.296587,
        37.835155
    ],
    [
        51.296484,
        37.835259
    ],
    [
        51.296279,
        37.835494
    ],
    [
        51.296088,
        37.835699
    ],
    [
        51.295977,
        37.83581
    ],
    [
        51.29595,
        37.83578
    ],
    [
        51.29591,
        37.835831
    ],
    [
        51.295873,
        37.835902
    ],
    [
        51.295879,
        37.83594
    ],
    [
        51.295565,
        37.836297
    ],
    [
        51.295411,
        37.836492
    ],
    [
        51.295224,
        37.836692
    ],
    [
        51.295116,
        37.836821
    ],
    [
        51.295107,
        37.836878
    ],
    [
        51.295262,
        37.837213
    ],
    [
        51.295494,
        37.837748
    ],
    [
        51.295922,
        37.838674
    ],
    [
        51.296344,
        37.839634
    ],
    [
        51.296685,
        37.840403
    ],
    [
        51.297068,
        37.841272
    ],
    [
        51.29729,
        37.841772
    ],
    [
        51.297541,
        37.842342
    ],
    [
        51.297852,
        37.843015
    ],
    [
        51.298178,
        37.843753
    ],
    [
        51.298499,
        37.844439
    ],
    [
        51.298848,
        37.845167
    ],
    [
        51.299113,
        37.845764
    ],
    [
        51.299273,
        37.846125
    ],
    [
        51.299415,
        37.846442
    ],
    [
        51.299573,
        37.846806
    ],
    [
        51.299653,
        37.847019
    ],
    [
        51.299664,
        37.847093
    ],
    [
        51.299687,
        37.847131
    ],
    [
        51.299745,
        37.847176
    ],
    [
        51.299909,
        37.847575
    ],
    [
        51.300127,
        37.848029
    ],
    [
        51.300377,
        37.848595
    ],
    [
        51.300602,
        37.84908
    ],
    [
        51.300846,
        37.849591
    ],
    [
        51.301056,
        37.850079
    ],
    [
        51.301332,
        37.850671
    ],
    [
        51.301552,
        37.851145
    ],
    [
        51.30175,
        37.851576
    ],
    [
        51.30205,
        37.852173
    ],
    [
        51.302213,
        37.8524
    ],
    [
        51.302534,
        37.852772
    ],
    [
        51.302535,
        37.852772
    ],
    [
        51.30255,
        37.852827
    ],
    [
        51.302591,
        37.852832
    ],
    [
        51.302674,
        37.852886
    ],
    [
        51.302909,
        37.853152
    ],
    [
        51.303225,
        37.853571
    ],
    [
        51.303632,
        37.85415
    ],
    [
        51.304079,
        37.85477
    ],
    [
        51.304284,
        37.8551
    ],
    [
        51.304641,
        37.85577
    ],
    [
        51.304948,
        37.856342
    ],
    [
        51.305257,
        37.85706
    ],
    [
        51.305545,
        37.857763
    ],
    [
        51.305625,
        37.857967
    ],
    [
        51.305634,
        37.858015
    ],
    [
        51.305652,
        37.85804
    ],
    [
        51.30567,
        37.858044
    ],
    [
        51.305747,
        37.858188
    ],
    [
        51.305855,
        37.858436
    ],
    [
        51.306003,
        37.858746
    ],
    [
        51.306289,
        37.859376
    ],
    [
        51.306519,
        37.85982
    ],
    [
        51.306705,
        37.860226
    ],
    [
        51.306829,
        37.860713
    ],
    [
        51.306863,
        37.861379
    ],
    [
        51.306878,
        37.861797
    ],
    [
        51.306884,
        37.862085
    ],
    [
        51.306884,
        37.862508
    ],
    [
        51.306908,
        37.863154
    ],
    [
        51.306906,
        37.863587
    ],
    [
        51.306918,
        37.864834
    ],
    [
        51.306896,
        37.864867
    ],
    [
        51.306902,
        37.864948
    ],
    [
        51.306938,
        37.864999
    ],
    [
        51.306978,
        37.865991
    ],
    [
        51.307008,
        37.866893
    ],
    [
        51.307043,
        37.867526
    ],
    [
        51.307161,
        37.868664
    ],
    [
        51.307255,
        37.869737
    ],
    [
        51.307396,
        37.871036
    ],
    [
        51.307518,
        37.871475
    ],
    [
        51.307958,
        37.872491
    ],
    [
        51.308213,
        37.873066
    ],
    [
        51.308333,
        37.873352
    ],
    [
        51.308332,
        37.873433
    ],
    [
        51.308358,
        37.873511
    ],
    [
        51.308435,
        37.87357
    ],
    [
        51.308681,
        37.874168
    ],
    [
        51.30889,
        37.874687
    ],
    [
        51.309295,
        37.875716
    ],
    [
        51.3097,
        37.876732
    ],
    [
        51.30975,
        37.876956
    ],
    [
        51.309772,
        37.877054
    ],
    [
        51.30985,
        37.877066
    ],
    [
        51.310019,
        37.877447
    ],
    [
        51.310229,
        37.877935
    ],
    [
        51.310447,
        37.878439
    ],
    [
        51.31065,
        37.878953
    ],
    [
        51.310949,
        37.879677
    ],
    [
        51.310573,
        37.880133
    ],
    [
        51.310473,
        37.88016
    ],
    [
        51.310422,
        37.880277
    ],
    [
        51.31028,
        37.88048
    ],
    [
        51.309559,
        37.881289
    ],
    [
        51.308738,
        37.882225
    ],
    [
        51.308067,
        37.882927
    ],
    [
        51.307346,
        37.883725
    ],
    [
        51.307348,
        37.883721
    ],
    [
        51.307302,
        37.883698
    ],
    [
        51.30726,
        37.88377
    ],
    [
        51.307236,
        37.883877
    ],
    [
        51.306815,
        37.884326
    ],
    [
        51.306382,
        37.884806
    ],
    [
        51.305865,
        37.885376
    ],
    [
        51.305598,
        37.88569
    ],
    [
        51.303649,
        37.887819
    ],
    [
        51.302697,
        37.888909
    ],
    [
        51.302301,
        37.88929
    ],
    [
        51.302244,
        37.889281
    ],
    [
        51.302216,
        37.889324
    ],
    [
        51.302202,
        37.88943
    ],
    [
        51.301952,
        37.889741
    ],
    [
        51.301632,
        37.890053
    ],
    [
        51.301354,
        37.890371
    ],
    [
        51.301043,
        37.89071
    ],
    [
        51.300558,
        37.89121
    ],
    [
        51.300314,
        37.891461
    ],
    [
        51.300155,
        37.891507
    ],
    [
        51.300076,
        37.891446
    ],
    [
        51.299755,
        37.890743
    ],
    [
        51.299497,
        37.890142
    ],
    [
        51.29941,
        37.890087
    ],
    [
        51.299273,
        37.890162
    ],
    [
        51.299241,
        37.890284
    ],
    [
        51.299263,
        37.890502
    ],
    [
        51.299392,
        37.890829
    ],
    [
        51.299631,
        37.89143
    ],
    [
        51.300166,
        37.892646
    ],
    [
        51.300666,
        37.893669
    ],
    [
        51.301079,
        37.894334
    ],
    [
        51.301283,
        37.894612
    ],
    [
        51.301584,
        37.895304
    ],
    [
        51.301848,
        37.895925
    ],
    [
        51.302166,
        37.896639
    ],
    [
        51.30215,
        37.89672
    ],
    [
        51.302184,
        37.896794
    ],
    [
        51.30225,
        37.896803
    ],
    [
        51.30236,
        37.897066
    ],
    [
        51.302473,
        37.897332
    ],
    [
        51.302656,
        37.89776
    ],
    [
        51.302776,
        37.89803
    ],
    [
        51.30293,
        37.89836
    ],
    [
        51.303085,
        37.898738
    ],
    [
        51.303276,
        37.899155
    ],
    [
        51.303444,
        37.899531
    ],
    [
        51.303714,
        37.900196
    ],
    [
        51.304263,
        37.901448
    ],
    [
        51.304783,
        37.902661
    ],
    [
        51.305143,
        37.903489
    ],
    [
        51.305631,
        37.904599
    ],
    [
        51.306288,
        37.906103
    ],
    [
        51.306849,
        37.907384
    ],
    [
        51.307374,
        37.908545
    ],
    [
        51.307698,
        37.909333
    ],
    [
        51.307673,
        37.909413
    ],
    [
        51.307707,
        37.909493
    ],
    [
        51.307766,
        37.909474
    ],
    [
        51.307996,
        37.910021
    ],
    [
        51.308213,
        37.91061
    ],
    [
        51.308331,
        37.911055
    ],
    [
        51.308371,
        37.911313
    ],
    [
        51.308478,
        37.911456
    ],
    [
        51.308599,
        37.911491
    ],
    [
        51.3087,
        37.911404
    ],
    [
        51.308757,
        37.911277
    ],
    [
        51.308804,
        37.911106
    ],
    [
        51.309011,
        37.910815
    ],
    [
        51.309241,
        37.910519
    ],
    [
        51.309521,
        37.910163
    ],
    [
        51.309883,
        37.909773
    ],
    [
        51.31017,
        37.909467
    ],
    [
        51.310224,
        37.909478
    ],
    [
        51.310259,
        37.909422
    ],
    [
        51.31031,
        37.909294
    ],
    [
        51.310495,
        37.909076
    ],
    [
        51.310645,
        37.908918
    ],
    [
        51.31087,
        37.908682
    ],
    [
        51.311123,
        37.908404
    ],
    [
        51.311302,
        37.908204
    ],
    [
        51.31152,
        37.907973
    ],
    [
        51.311746,
        37.907717
    ],
    [
        51.311998,
        37.907452
    ],
    [
        51.312036,
        37.907492
    ],
    [
        51.312063,
        37.907437
    ],
    [
        51.312101,
        37.907329
    ],
    [
        51.312364,
        37.90703
    ],
    [
        51.31266,
        37.906698
    ],
    [
        51.31306,
        37.906249
    ],
    [
        51.313303,
        37.905981
    ],
    [
        51.313556,
        37.905709
    ],
    [
        51.313809,
        37.905429
    ],
    [
        51.313889,
        37.905375
    ],
    [
        51.313976,
        37.905366
    ],
    [
        51.314093,
        37.905334
    ],
    [
        51.314141,
        37.905265
    ],
    [
        51.314169,
        37.905131
    ],
    [
        51.314154,
        37.904937
    ],
    [
        51.31408,
        37.904832
    ],
    [
        51.313959,
        37.904783
    ],
    [
        51.313882,
        37.904699
    ],
    [
        51.313772,
        37.904508
    ],
    [
        51.313619,
        37.904124
    ],
    [
        51.313624,
        37.904041
    ],
    [
        51.313593,
        37.903974
    ],
    [
        51.313531,
        37.903955
    ],
    [
        51.313258,
        37.903333
    ],
    [
        51.313054,
        37.902855
    ],
    [
        51.312784,
        37.90225
    ],
    [
        51.312537,
        37.901649
    ],
    [
        51.312297,
        37.901114
    ],
    [
        51.312119,
        37.900696
    ],
    [
        51.311955,
        37.900315
    ],
    [
        51.311818,
        37.899993
    ],
    [
        51.311674,
        37.899639
    ],
    [
        51.311537,
        37.8993
    ],
    [
        51.311461,
        37.899112
    ],
    [
        51.311467,
        37.899054
    ],
    [
        51.311452,
        37.899002
    ],
    [
        51.311392,
        37.898968
    ],
    [
        51.311263,
        37.898702
    ],
    [
        51.311097,
        37.898284
    ],
    [
        51.310801,
        37.897603
    ],
    [
        51.311007,
        37.897374
    ],
    [
        51.311301,
        37.897051
    ],
    [
        51.311512,
        37.896822
    ],
    [
        51.311581,
        37.896754
    ],
    [
        51.311615,
        37.896785
    ],
    [
        51.311638,
        37.896754
    ],
    [
        51.311657,
        37.89666
    ],
    [
        51.312019,
        37.896258
    ],
    [
        51.312427,
        37.895791
    ],
    [
        51.312791,
        37.895391
    ],
    [
        51.313013,
        37.895161
    ],
    [
        51.313411,
        37.894709
    ],
    [
        51.31373,
        37.89436
    ],
    [
        51.314092,
        37.893959
    ],
    [
        51.314541,
        37.893465
    ],
    [
        51.31484,
        37.893142
    ],
    [
        51.315253,
        37.892694
    ],
    [
        51.315304,
        37.892702
    ],
    [
        51.315329,
        37.892665
    ],
    [
        51.315425,
        37.89248
    ],
    [
        51.315828,
        37.892051
    ],
    [
        51.316183,
        37.891643
    ],
    [
        51.316574,
        37.891211
    ],
    [
        51.31706,
        37.89066
    ],
    [
        51.317499,
        37.890153
    ],
    [
        51.317701,
        37.88997
    ],
    [
        51.317739,
        37.889985
    ],
    [
        51.317768,
        37.889946
    ],
    [
        51.317783,
        37.889838
    ],
    [
        51.318263,
        37.889337
    ],
    [
        51.318637,
        37.888904
    ],
    [
        51.31917,
        37.888325
    ],
    [
        51.319709,
        37.887717
    ],
    [
        51.319934,
        37.887476
    ],
    [
        51.320204,
        37.887154
    ],
    [
        51.320437,
        37.886886
    ],
    [
        51.320736,
        37.886545
    ],
    [
        51.321112,
        37.886131
    ],
    [
        51.32148,
        37.885758
    ],
    [
        51.321519,
        37.885787
    ],
    [
        51.321535,
        37.885748
    ],
    [
        51.32162,
        37.885595
    ],
    [
        51.322009,
        37.885143
    ],
    [
        51.322396,
        37.884726
    ],
    [
        51.322785,
        37.884293
    ],
    [
        51.323093,
        37.883947
    ],
    [
        51.323455,
        37.883559
    ],
    [
        51.323773,
        37.88321
    ],
    [
        51.324243,
        37.882698
    ],
    [
        51.324509,
        37.882389
    ],
    [
        51.324594,
        37.88239
    ],
    [
        51.324634,
        37.882348
    ],
    [
        51.324236,
        37.882314
    ],
    [
        51.324179,
        37.88238
    ],
    [
        51.324161,
        37.882481
    ],
    [
        51.323914,
        37.882749
    ],
    [
        51.323464,
        37.883224
    ],
    [
        51.322915,
        37.883816
    ],
    [
        51.322252,
        37.884589
    ],
    [
        51.321571,
        37.885379
    ],
    [
        51.320686,
        37.886355
    ],
    [
        51.320091,
        37.886993
    ],
    [
        51.319252,
        37.887914
    ],
    [
        51.318517,
        37.888738
    ],
    [
        51.317943,
        37.889362
    ],
    [
        51.317608,
        37.889731
    ],
    [
        51.317555,
        37.889683
    ],
    [
        51.317497,
        37.889737
    ],
    [
        51.317477,
        37.889888
    ],
    [
        51.317023,
        37.890417
    ],
    [
        51.316483,
        37.890996
    ],
    [
        51.31598,
        37.891564
    ],
    [
        51.315558,
        37.892044
    ],
    [
        51.315147,
        37.89248
    ],
    [
        51.315075,
        37.892567
    ],
    [
        51.314998,
        37.89257
    ],
    [
        51.314962,
        37.892612
    ],
    [
        51.31493,
        37.892712
    ],
    [
        51.314504,
        37.893195
    ],
    [
        51.314007,
        37.893766
    ],
    [
        51.313638,
        37.894161
    ],
    [
        51.313165,
        37.894696
    ],
    [
        51.312846,
        37.895054
    ],
    [
        51.31249,
        37.895443
    ],
    [
        51.312246,
        37.895729
    ],
    [
        51.311709,
        37.896307
    ],
    [
        51.311567,
        37.896442
    ],
    [
        51.311529,
        37.896431
    ],
    [
        51.311494,
        37.896467
    ],
    [
        51.311472,
        37.896576
    ],
    [
        51.311217,
        37.896856
    ],
    [
        51.310972,
        37.897127
    ],
    [
        51.310605,
        37.897486
    ],
    [
        51.310853,
        37.898001
    ],
    [
        51.311336,
        37.899139
    ],
    [
        51.31174,
        37.900015
    ],
    [
        51.311912,
        37.900446
    ],
    [
        51.311915,
        37.900511
    ],
    [
        51.311931,
        37.900558
    ],
    [
        51.311971,
        37.900574
    ],
    [
        51.312128,
        37.900915
    ],
    [
        51.312389,
        37.901515
    ],
    [
        51.312715,
        37.902274
    ],
    [
        51.31326,
        37.903563
    ],
    [
        51.313681,
        37.904515
    ],
    [
        51.313809,
        37.904915
    ],
    [
        51.313814,
        37.905095
    ],
    [
        51.313631,
        37.90537
    ],
    [
        51.313547,
        37.905365
    ],
    [
        51.313501,
        37.905415
    ],
    [
        51.313503,
        37.90551
    ],
    [
        51.313224,
        37.905849
    ],
    [
        51.312878,
        37.906202
    ],
    [
        51.312562,
        37.906562
    ],
    [
        51.312156,
        37.907011
    ],
    [
        51.311739,
        37.907467
    ],
    [
        51.311401,
        37.907843
    ],
    [
        51.311062,
        37.908215
    ],
    [
        51.310742,
        37.908583
    ],
    [
        51.310284,
        37.909067
    ],
    [
        51.310242,
        37.909115
    ],
    [
        51.3102,
        37.909076
    ],
    [
        51.310159,
        37.909111
    ],
    [
        51.310158,
        37.909209
    ],
    [
        51.310097,
        37.909278
    ],
    [
        51.309715,
        37.909703
    ],
    [
        51.309336,
        37.910117
    ],
    [
        51.308937,
        37.91047
    ],
    [
        51.308627,
        37.910745
    ],
    [
        51.308566,
        37.910758
    ],
    [
        51.308505,
        37.910648
    ],
    [
        51.308361,
        37.910295
    ],
    [
        51.308143,
        37.909903
    ],
    [
        51.30785,
        37.909299
    ],
    [
        51.307533,
        37.908563
    ],
    [
        51.307358,
        37.908141
    ],
    [
        51.307396,
        37.908088
    ],
    [
        51.307364,
        37.907983
    ],
    [
        51.307246,
        37.907893
    ],
    [
        51.306964,
        37.907247
    ],
    [
        51.306585,
        37.906389
    ],
    [
        51.306306,
        37.905792
    ],
    [
        51.305978,
        37.905015
    ],
    [
        51.305696,
        37.904349
    ],
    [
        51.305433,
        37.903737
    ],
    [
        51.305125,
        37.903062
    ],
    [
        51.304763,
        37.90224
    ],
    [
        51.304421,
        37.901457
    ],
    [
        51.304084,
        37.90064
    ],
    [
        51.303797,
        37.899945
    ],
    [
        51.303587,
        37.899431
    ],
    [
        51.303601,
        37.899345
    ],
    [
        51.303577,
        37.899271
    ],
    [
        51.303491,
        37.899239
    ],
    [
        51.303252,
        37.898717
    ],
    [
        51.302953,
        37.898058
    ],
    [
        51.302687,
        37.897425
    ],
    [
        51.302399,
        37.89675
    ],
    [
        51.30215,
        37.896188
    ],
    [
        51.301877,
        37.895577
    ],
    [
        51.301557,
        37.89481
    ],
    [
        51.301568,
        37.894711
    ],
    [
        51.301527,
        37.894638
    ],
    [
        51.301473,
        37.894623
    ],
    [
        51.301302,
        37.894251
    ],
    [
        51.301108,
        37.893805
    ],
    [
        51.300892,
        37.893328
    ],
    [
        51.300587,
        37.892649
    ],
    [
        51.300362,
        37.892078
    ],
    [
        51.300359,
        37.89187
    ],
    [
        51.300406,
        37.891628
    ],
    [
        51.30069,
        37.8913
    ],
    [
        51.30114,
        37.890801
    ],
    [
        51.301571,
        37.890321
    ],
    [
        51.302011,
        37.889842
    ],
    [
        51.30248,
        37.889331
    ],
    [
        51.302641,
        37.889161
    ],
    [
        51.30267,
        37.889184
    ],
    [
        51.3027,
        37.889149
    ],
    [
        51.302727,
        37.889072
    ],
    [
        51.303026,
        37.888715
    ],
    [
        51.30353,
        37.888163
    ],
    [
        51.304045,
        37.887595
    ],
    [
        51.304481,
        37.887097
    ],
    [
        51.304947,
        37.886589
    ],
    [
        51.305512,
        37.885948
    ],
    [
        51.305905,
        37.885544
    ],
    [
        51.306458,
        37.884926
    ],
    [
        51.306896,
        37.884439
    ],
    [
        51.307415,
        37.883848
    ],
    [
        51.307749,
        37.883472
    ],
    [
        51.308185,
        37.883015
    ],
    [
        51.308235,
        37.883022
    ],
    [
        51.308265,
        37.882986
    ],
    [
        51.308284,
        37.882887
    ],
    [
        51.30865,
        37.882488
    ],
    [
        51.309269,
        37.881814
    ],
    [
        51.309904,
        37.881093
    ],
    [
        51.310506,
        37.880428
    ],
    [
        51.311134,
        37.879698
    ],
    [
        51.310776,
        37.878829
    ],
    [
        51.310776,
        37.878829
    ],
    [
        51.310468,
        37.878115
    ],
    [
        51.310085,
        37.877222
    ],
    [
        51.309742,
        37.876439
    ],
    [
        51.309724,
        37.876354
    ],
    [
        51.309724,
        37.876259
    ],
    [
        51.3097,
        37.876202
    ],
    [
        51.309611,
        37.876131
    ],
    [
        51.309343,
        37.875492
    ],
    [
        51.309063,
        37.874807
    ],
    [
        51.308848,
        37.874284
    ],
    [
        51.308724,
        37.874004
    ],
    [
        51.308733,
        37.873945
    ],
    [
        51.308722,
        37.873908
    ],
    [
        51.308651,
        37.873828
    ],
    [
        51.308382,
        37.873217
    ],
    [
        51.308127,
        37.872619
    ],
    [
        51.307799,
        37.871902
    ],
    [
        51.30756,
        37.871342
    ],
    [
        51.307482,
        37.871108
    ],
    [
        51.307372,
        37.870241
    ],
    [
        51.307285,
        37.869256
    ],
    [
        51.307213,
        37.868518
    ],
    [
        51.307161,
        37.867924
    ],
    [
        51.307109,
        37.867294
    ],
    [
        51.30707,
        37.866933
    ],
    [
        51.307047,
        37.865987
    ],
    [
        51.307013,
        37.864969
    ],
    [
        51.306992,
        37.864154
    ],
    [
        51.306987,
        37.86373
    ],
    [
        51.307018,
        37.8637
    ],
    [
        51.307017,
        37.863605
    ],
    [
        51.306976,
        37.863477
    ],
    [
        51.306971,
        37.862689
    ],
    [
        51.307036,
        37.862187
    ],
    [
        51.307262,
        37.861349
    ],
    [
        51.307582,
        37.860451
    ],
    [
        51.307762,
        37.859532
    ],
    [
        51.307798,
        37.858548
    ],
    [
        51.307715,
        37.857727
    ],
    [
        51.307748,
        37.857691
    ],
    [
        51.307741,
        37.857608
    ],
    [
        51.307674,
        37.857523
    ],
    [
        51.30755,
        37.857051
    ],
    [
        51.307315,
        37.856235
    ],
    [
        51.307026,
        37.855348
    ],
    [
        51.306766,
        37.854552
    ],
    [
        51.306433,
        37.85355
    ],
    [
        51.306164,
        37.852723
    ],
    [
        51.305893,
        37.851974
    ],
    [
        51.305594,
        37.851373
    ],
    [
        51.305371,
        37.850919
    ],
    [
        51.305109,
        37.850384
    ],
    [
        51.305101,
        37.850273
    ],
    [
        51.305068,
        37.850246
    ],
    [
        51.305001,
        37.850212
    ],
    [
        51.304595,
        37.849551
    ],
    [
        51.304174,
        37.848932
    ],
    [
        51.303782,
        37.848348
    ],
    [
        51.303367,
        37.847599
    ],
    [
        51.303058,
        37.847074
    ],
    [
        51.302649,
        37.846467
    ],
    [
        51.302233,
        37.845965
    ],
    [
        51.301812,
        37.845497
    ],
    [
        51.301399,
        37.844948
    ],
    [
        51.301119,
        37.844526
    ],
    [
        51.300834,
        37.844013
    ],
    [
        51.300509,
        37.843302
    ],
    [
        51.299969,
        37.842228
    ],
    [
        51.299301,
        37.840865
    ],
    [
        51.29868,
        37.839441
    ],
    [
        51.298013,
        37.83796
    ],
    [
        51.29734,
        37.836537
    ],
    [
        51.296689,
        37.835057
    ],
    [
        51.296654,
        37.834859
    ],
    [
        51.296553,
        37.834616
    ],
    [
        51.296392,
        37.83424
    ],
    [
        51.296374,
        37.834144
    ],
    [
        51.296348,
        37.834085
    ],
    [
        51.296311,
        37.834078
    ],
    [
        51.296169,
        37.833793
    ],
    [
        51.296053,
        37.833524
    ],
    [
        51.295913,
        37.833203
    ],
    [
        51.295732,
        37.832784
    ],
    [
        51.295333,
        37.831859
    ],
    [
        51.29493,
        37.830871
    ],
    [
        51.294713,
        37.830443
    ],
    [
        51.294269,
        37.829749
    ],
    [
        51.293792,
        37.829108
    ],
    [
        51.293277,
        37.828425
    ],
    [
        51.292619,
        37.827572
    ],
    [
        51.292007,
        37.826781
    ],
    [
        51.291369,
        37.826013
    ],
    [
        51.290706,
        37.825253
    ],
    [
        51.289948,
        37.824498
    ],
    [
        51.289575,
        37.824076
    ],
    [
        51.28957,
        37.824006
    ],
    [
        51.289543,
        37.823983
    ],
    [
        51.289444,
        37.82397
    ],
    [
        51.288838,
        37.823274
    ],
    [
        51.28818,
        37.822517
    ],
    [
        51.287796,
        37.822091
    ],
    [
        51.2877,
        37.821847
    ],
    [
        51.287555,
        37.820923
    ],
    [
        51.287462,
        37.820394
    ],
    [
        51.287356,
        37.820297
    ],
    [
        51.287258,
        37.820303
    ],
    [
        51.287157,
        37.820374
    ],
    [
        51.287043,
        37.820602
    ],
    [
        51.286957,
        37.820863
    ],
    [
        51.286722,
        37.820676
    ],
    [
        51.286406,
        37.820268
    ],
    [
        51.286405,
        37.820205
    ],
    [
        51.286385,
        37.820176
    ],
    [
        51.286342,
        37.820186
    ],
    [
        51.285938,
        37.819699
    ],
    [
        51.285635,
        37.819284
    ],
    [
        51.285277,
        37.818844
    ],
    [
        51.284963,
        37.818464
    ],
    [
        51.284581,
        37.81799
    ],
    [
        51.284251,
        37.817567
    ],
    [
        51.283803,
        37.817007
    ],
    [
        51.283223,
        37.816278
    ],
    [
        51.282536,
        37.815427
    ],
    [
        51.281929,
        37.814681
    ],
    [
        51.281407,
        37.814033
    ],
    [
        51.280869,
        37.81337
    ],
    [
        51.280395,
        37.812768
    ],
    [
        51.280027,
        37.812287
    ],
    [
        51.27971,
        37.81189
    ],
    [
        51.279731,
        37.811835
    ],
    [
        51.279708,
        37.811811
    ],
    [
        51.279657,
        37.811811
    ],
    [
        51.27933,
        37.811428
    ],
    [
        51.279126,
        37.811287
    ],
    [
        51.278934,
        37.811073
    ],
    [
        51.278786,
        37.810924
    ],
    [
        51.278683,
        37.81092
    ],
    [
        51.278631,
        37.811039
    ],
    [
        51.278565,
        37.811087
    ],
    [
        51.278377,
        37.811053
    ],
    [
        51.278219,
        37.810949
    ],
    [
        51.277584,
        37.810524
    ],
    [
        51.276695,
        37.809936
    ],
    [
        51.275992,
        37.809478
    ],
    [
        51.275215,
        37.808971
    ],
    [
        51.274553,
        37.808542
    ],
    [
        51.27359,
        37.80791
    ],
    [
        51.272712,
        37.80733
    ],
    [
        51.272432,
        37.807118
    ],
    [
        51.272293,
        37.806857
    ],
    [
        51.272092,
        37.806439
    ],
    [
        51.272056,
        37.806238
    ],
    [
        51.272001,
        37.806062
    ],
    [
        51.271855,
        37.805937
    ],
    [
        51.271742,
        37.805938
    ],
    [
        51.271675,
        37.805871
    ],
    [
        51.271509,
        37.805698
    ],
    [
        51.271373,
        37.805499
    ],
    [
        51.270955,
        37.804712
    ],
    [
        51.270169,
        37.803259
    ],
    [
        51.269437,
        37.801916
    ],
    [
        51.268674,
        37.800506
    ],
    [
        51.267865,
        37.799016
    ],
    [
        51.267103,
        37.797634
    ],
    [
        51.266423,
        37.796369
    ],
    [
        51.266237,
        37.796059
    ],
    [
        51.265714,
        37.795413
    ],
    [
        51.264865,
        37.794459
    ],
    [
        51.264161,
        37.793659
    ],
    [
        51.263406,
        37.792826
    ],
    [
        51.262596,
        37.791917
    ],
    [
        51.261815,
        37.791031
    ],
    [
        51.260963,
        37.790095
    ],
    [
        51.260087,
        37.789099
    ],
    [
        51.259225,
        37.788129
    ],
    [
        51.258698,
        37.787546
    ],
    [
        51.257972,
        37.786432
    ],
    [
        51.25711,
        37.784785
    ],
    [
        51.256614,
        37.783877
    ],
    [
        51.255926,
        37.782541
    ],
    [
        51.255205,
        37.781164
    ],
    [
        51.254403,
        37.779573
    ],
    [
        51.254403,
        37.779573
    ],
    [
        51.253845,
        37.778488
    ],
    [
        51.253049,
        37.776935
    ],
    [
        51.25285,
        37.776461
    ],
    [
        51.253188,
        37.773916
    ],
    [
        51.25343,
        37.771849
    ],
    [
        51.253478,
        37.770963
    ],
    [
        51.253433,
        37.769128
    ],
    [
        51.253259,
        37.768778
    ],
    [
        51.253065,
        37.768762
    ],
    [
        51.252593,
        37.768804
    ],
    [
        51.252045,
        37.76859
    ],
    [
        51.250895,
        37.767514
    ],
    [
        51.249509,
        37.767949
    ],
    [
        51.24876,
        37.768166
    ],
    [
        51.248466,
        37.768021
    ],
    [
        51.248076,
        37.767327
    ],
    [
        51.247608,
        37.766473
    ],
    [
        51.247079,
        37.76594
    ],
    [
        51.246739,
        37.765335
    ],
    [
        51.246258,
        37.763572
    ],
    [
        51.245796,
        37.761691
    ],
    [
        51.245339,
        37.759573
    ],
    [
        51.245019,
        37.758037
    ],
    [
        51.244796,
        37.75701
    ],
    [
        51.244592,
        37.756705
    ],
    [
        51.244343,
        37.756601
    ],
    [
        51.243673,
        37.756995
    ],
    [
        51.243241,
        37.757273
    ],
    [
        51.243057,
        37.757424
    ],
    [
        51.242937,
        37.757726
    ],
    [
        51.242895,
        37.75807
    ],
    [
        51.242972,
        37.758486
    ],
    [
        51.243269,
        37.759693
    ],
    [
        51.24359,
        37.760954
    ],
    [
        51.243723,
        37.761485
    ],
    [
        51.243795,
        37.762648
    ],
    [
        51.243878,
        37.764002
    ],
    [
        51.324248,
        37.882314
    ],
    [
        51.324171,
        37.882463
    ],
    [
        51.323829,
        37.882834
    ],
    [
        51.323257,
        37.883429
    ],
    [
        51.322809,
        37.883942
    ],
    [
        51.322173,
        37.884705
    ],
    [
        51.321454,
        37.885504
    ],
    [
        51.32086,
        37.886165
    ],
    [
        51.320463,
        37.886626
    ],
    [
        51.319919,
        37.887217
    ],
    [
        51.319209,
        37.88798
    ],
    [
        51.31861,
        37.88864
    ],
    [
        51.317985,
        37.889339
    ],
    [
        51.317638,
        37.88971
    ],
    [
        51.317565,
        37.88969
    ],
    [
        51.31747,
        37.889772
    ],
    [
        51.317383,
        37.890019
    ],
    [
        51.317021,
        37.890423
    ],
    [
        51.316405,
        37.891109
    ],
    [
        51.315815,
        37.891768
    ],
    [
        51.315145,
        37.892489
    ],
    [
        51.315074,
        37.892571
    ],
    [
        51.314983,
        37.89256
    ],
    [
        51.314934,
        37.892633
    ],
    [
        51.314894,
        37.892782
    ],
    [
        51.314695,
        37.892991
    ],
    [
        51.314224,
        37.893532
    ],
    [
        51.313691,
        37.894124
    ],
    [
        51.313189,
        37.894675
    ],
    [
        51.312729,
        37.895208
    ],
    [
        51.312372,
        37.895597
    ],
    [
        51.311861,
        37.896147
    ],
    [
        51.311584,
        37.896437
    ],
    [
        51.311522,
        37.89643
    ],
    [
        51.311465,
        37.896499
    ],
    [
        51.311394,
        37.896668
    ],
    [
        51.311085,
        37.897008
    ],
    [
        51.310629,
        37.897513
    ],
    [
        51.310911,
        37.898142
    ],
    [
        51.311229,
        37.89886
    ],
    [
        51.311539,
        37.899603
    ],
    [
        51.311853,
        37.900299
    ],
    [
        51.311916,
        37.900457
    ],
    [
        51.311892,
        37.900505
    ],
    [
        51.311942,
        37.90062
    ],
    [
        51.312016,
        37.90066
    ],
    [
        51.312095,
        37.900828
    ],
    [
        51.312401,
        37.901538
    ],
    [
        51.312807,
        37.902484
    ],
    [
        51.313284,
        37.903634
    ],
    [
        51.313563,
        37.904245
    ],
    [
        51.313757,
        37.904707
    ],
    [
        51.313809,
        37.904927
    ],
    [
        51.313816,
        37.905068
    ],
    [
        51.313723,
        37.905281
    ],
    [
        51.313575,
        37.905433
    ],
    [
        51.313533,
        37.905384
    ],
    [
        51.31348,
        37.905428
    ],
    [
        51.313451,
        37.905583
    ],
    [
        51.312954,
        37.906142
    ],
    [
        51.31255,
        37.906595
    ],
    [
        51.312165,
        37.907003
    ],
    [
        51.311812,
        37.907392
    ],
    [
        51.311394,
        37.907868
    ],
    [
        51.310999,
        37.908292
    ],
    [
        51.310526,
        37.908823
    ],
    [
        51.310251,
        37.909106
    ],
    [
        51.310178,
        37.909083
    ],
    [
        51.310131,
        37.90913
    ],
    [
        51.310131,
        37.909265
    ],
    [
        51.310033,
        37.909347
    ],
    [
        51.309808,
        37.909601
    ],
    [
        51.309351,
        37.910103
    ],
    [
        51.309063,
        37.910379
    ],
    [
        51.308808,
        37.910565
    ],
    [
        51.308615,
        37.910737
    ],
    [
        51.308544,
        37.910766
    ],
    [
        51.308431,
        37.910505
    ],
    [
        51.308269,
        37.910128
    ],
    [
        51.307826,
        37.909258
    ],
    [
        51.307504,
        37.90848
    ],
    [
        51.307366,
        37.908155
    ],
    [
        51.307411,
        37.908134
    ],
    [
        51.307362,
        37.907979
    ],
    [
        51.30727,
        37.907921
    ],
    [
        51.307181,
        37.907766
    ],
    [
        51.306881,
        37.907089
    ],
    [
        51.306568,
        37.90639
    ],
    [
        51.30624,
        37.905625
    ],
    [
        51.305803,
        37.904597
    ],
    [
        51.305411,
        37.903691
    ],
    [
        51.304991,
        37.902774
    ],
    [
        51.304644,
        37.90197
    ],
    [
        51.304228,
        37.901039
    ],
    [
        51.303829,
        37.900004
    ],
    [
        51.303578,
        37.899428
    ],
    [
        51.303606,
        37.899335
    ],
    [
        51.303541,
        37.899215
    ],
    [
        51.30341,
        37.899083
    ],
    [
        51.302919,
        37.897954
    ],
    [
        51.302585,
        37.897177
    ],
    [
        51.30211,
        37.896108
    ],
    [
        51.301668,
        37.895064
    ],
    [
        51.301558,
        37.89481
    ],
    [
        51.301572,
        37.894746
    ],
    [
        51.301549,
        37.894655
    ],
    [
        51.301427,
        37.894565
    ],
    [
        51.301137,
        37.893904
    ],
    [
        51.300711,
        37.892914
    ],
    [
        51.30036,
        37.892075
    ],
    [
        51.300375,
        37.891764
    ],
    [
        51.300463,
        37.891542
    ],
    [
        51.300663,
        37.891324
    ],
    [
        51.301315,
        37.890617
    ],
    [
        51.301836,
        37.890035
    ],
    [
        51.302183,
        37.889661
    ],
    [
        51.302597,
        37.889201
    ],
    [
        51.302677,
        37.889174
    ],
    [
        51.302732,
        37.889114
    ],
    [
        51.302798,
        37.888961
    ],
    [
        51.303164,
        37.888572
    ],
    [
        51.303599,
        37.888086
    ],
    [
        51.303986,
        37.887653
    ],
    [
        51.304396,
        37.887178
    ],
    [
        51.304794,
        37.886738
    ],
    [
        51.305372,
        37.886129
    ],
    [
        51.30592,
        37.885524
    ],
    [
        51.306268,
        37.885125
    ],
    [
        51.306684,
        37.884683
    ],
    [
        51.307104,
        37.884192
    ],
    [
        51.307823,
        37.883388
    ],
    [
        51.308174,
        37.883004
    ],
    [
        51.308251,
        37.883007
    ],
    [
        51.308304,
        37.882933
    ],
    [
        51.308388,
        37.882751
    ],
    [
        51.308827,
        37.882277
    ],
    [
        51.309223,
        37.881829
    ],
    [
        51.309768,
        37.881251
    ],
    [
        51.310204,
        37.88076
    ],
    [
        51.310607,
        37.880314
    ],
    [
        51.311134,
        37.879702
    ],
    [
        51.310885,
        37.87908
    ],
    [
        51.310456,
        37.878089
    ],
    [
        51.30995,
        37.876924
    ],
    [
        51.309713,
        37.876338
    ],
    [
        51.309729,
        37.876259
    ],
    [
        51.309684,
        37.876167
    ],
    [
        51.309587,
        37.876092
    ],
    [
        51.309081,
        37.874876
    ],
    [
        51.308742,
        37.874053
    ],
    [
        51.308741,
        37.873968
    ],
    [
        51.30869,
        37.873844
    ],
    [
        51.308643,
        37.873821
    ],
    [
        51.308316,
        37.873089
    ],
    [
        51.307891,
        37.872107
    ],
    [
        51.307481,
        37.871145
    ],
    [
        51.307321,
        37.86973
    ],
    [
        51.307221,
        37.868507
    ],
    [
        51.307124,
        37.867569
    ],
    [
        51.307062,
        37.866723
    ],
    [
        51.307046,
        37.866016
    ],
    [
        51.307023,
        37.865184
    ],
    [
        51.306992,
        37.86428
    ],
    [
        51.306984,
        37.863737
    ],
    [
        51.307016,
        37.863725
    ],
    [
        51.307014,
        37.863586
    ],
    [
        51.306964,
        37.863387
    ],
    [
        51.306976,
        37.862556
    ],
    [
        51.307178,
        37.861608
    ],
    [
        51.307455,
        37.860828
    ],
    [
        51.307665,
        37.86013
    ],
    [
        51.307778,
        37.859343
    ],
    [
        51.307787,
        37.858469
    ],
    [
        51.307643,
        37.857341
    ],
    [
        51.307394,
        37.856487
    ],
    [
        51.307083,
        37.855525
    ],
    [
        51.306706,
        37.854391
    ],
    [
        51.306268,
        37.853044
    ],
    [
        51.305893,
        37.851944
    ],
    [
        51.305437,
        37.851055
    ],
    [
        51.305093,
        37.85037
    ],
    [
        51.305101,
        37.850284
    ],
    [
        51.305057,
        37.850203
    ],
    [
        51.304913,
        37.850068
    ],
    [
        51.304254,
        37.849033
    ],
    [
        51.303842,
        37.848426
    ],
    [
        51.303337,
        37.847563
    ],
    [
        51.302737,
        37.846592
    ],
    [
        51.302264,
        37.846015
    ],
    [
        51.30171,
        37.845377
    ],
    [
        51.301284,
        37.844801
    ],
    [
        51.300796,
        37.843913
    ],
    [
        51.300353,
        37.842992
    ],
    [
        51.299898,
        37.84209
    ],
    [
        51.299344,
        37.840966
    ],
    [
        51.298828,
        37.839806
    ],
    [
        51.298324,
        37.838672
    ],
    [
        51.29791,
        37.837757
    ],
    [
        51.297424,
        37.836699
    ],
    [
        51.296836,
        37.835411
    ],
    [
        51.296684,
        37.835041
    ],
    [
        51.29664,
        37.83485
    ],
    [
        51.296426,
        37.834337
    ],
    [
        51.296363,
        37.834185
    ],
    [
        51.296371,
        37.83413
    ],
    [
        51.296349,
        37.83407
    ],
    [
        51.296302,
        37.834033
    ],
    [
        51.296107,
        37.833625
    ],
    [
        51.29591,
        37.833194
    ],
    [
        51.295569,
        37.832434
    ],
    [
        51.295335,
        37.831798
    ],
    [
        51.294977,
        37.830954
    ],
    [
        51.294681,
        37.830368
    ],
    [
        51.294295,
        37.829774
    ],
    [
        51.293889,
        37.829208
    ],
    [
        51.293496,
        37.828683
    ],
    [
        51.292982,
        37.828026
    ],
    [
        51.292534,
        37.827435
    ],
    [
        51.292097,
        37.826895
    ],
    [
        51.291732,
        37.826436
    ],
    [
        51.291276,
        37.825892
    ],
    [
        51.290868,
        37.825438
    ],
    [
        51.290413,
        37.824975
    ],
    [
        51.289971,
        37.824523
    ],
    [
        51.289597,
        37.824111
    ],
    [
        51.289583,
        37.824009
    ],
    [
        51.289538,
        37.823963
    ],
    [
        51.289486,
        37.824007
    ],
    [
        51.289001,
        37.823466
    ],
    [
        51.288387,
        37.82277
    ],
    [
        51.287912,
        37.82223
    ],
    [
        51.287744,
        37.821962
    ],
    [
        51.287672,
        37.821597
    ],
    [
        51.287463,
        37.820359
    ],
    [
        51.287406,
        37.819826
    ],
    [
        51.287513,
        37.819179
    ],
    [
        51.287652,
        37.818404
    ],
    [
        51.287687,
        37.818244
    ],
    [
        51.28774,
        37.818227
    ],
    [
        51.287754,
        37.818138
    ],
    [
        51.287735,
        37.818008
    ],
    [
        51.287794,
        37.817568
    ],
    [
        51.287869,
        37.816948
    ],
    [
        51.287862,
        37.816166
    ],
    [
        51.287821,
        37.815566
    ],
    [
        51.287765,
        37.815014
    ],
    [
        51.287673,
        37.814255
    ],
    [
        51.287588,
        37.813525
    ],
    [
        51.287528,
        37.812984
    ],
    [
        51.287443,
        37.812262
    ],
    [
        51.287358,
        37.811499
    ],
    [
        51.287272,
        37.810761
    ],
    [
        51.287199,
        37.810076
    ],
    [
        51.287115,
        37.809397
    ],
    [
        51.287022,
        37.808591
    ],
    [
        51.286947,
        37.807954
    ],
    [
        51.286894,
        37.807512
    ],
    [
        51.286934,
        37.807403
    ],
    [
        51.286912,
        37.807341
    ],
    [
        51.286857,
        37.807245
    ],
    [
        51.286741,
        37.806273
    ],
    [
        51.286637,
        37.805415
    ],
    [
        51.286559,
        37.804771
    ],
    [
        51.286472,
        37.804019
    ],
    [
        51.28637,
        37.803223
    ],
    [
        51.286281,
        37.802454
    ],
    [
        51.28621,
        37.80182
    ],
    [
        51.286094,
        37.80085
    ],
    [
        51.286135,
        37.800824
    ],
    [
        51.286113,
        37.800762
    ],
    [
        51.286056,
        37.800643
    ],
    [
        51.285958,
        37.799762
    ],
    [
        51.285877,
        37.799058
    ],
    [
        51.285816,
        37.798534
    ],
    [
        51.285737,
        37.797866
    ],
    [
        51.285678,
        37.797302
    ],
    [
        51.285595,
        37.796606
    ],
    [
        51.285491,
        37.795793
    ],
    [
        51.285428,
        37.795246
    ],
    [
        51.285354,
        37.794605
    ],
    [
        51.285276,
        37.793969
    ],
    [
        51.285288,
        37.793837
    ],
    [
        51.285277,
        37.793751
    ],
    [
        51.285241,
        37.793627
    ],
    [
        51.285202,
        37.793337
    ],
    [
        51.285143,
        37.792743
    ],
    [
        51.285064,
        37.792156
    ],
    [
        51.285016,
        37.791703
    ],
    [
        51.284961,
        37.791219
    ],
    [
        51.28488,
        37.790629
    ],
    [
        51.284819,
        37.790048
    ],
    [
        51.284715,
        37.789214
    ],
    [
        51.284692,
        37.788893
    ],
    [
        51.28469,
        37.788799
    ],
    [
        51.284692,
        37.78842
    ],
    [
        51.284774,
        37.788268
    ],
    [
        51.284834,
        37.788078
    ],
    [
        51.284834,
        37.787972
    ],
    [
        51.284811,
        37.78782
    ],
    [
        51.28471,
        37.787665
    ],
    [
        51.284637,
        37.787582
    ],
    [
        51.284553,
        37.787376
    ],
    [
        51.284443,
        37.787038
    ],
    [
        51.284413,
        37.786795
    ],
    [
        51.284329,
        37.786084
    ],
    [
        51.28422,
        37.785062
    ],
    [
        51.284117,
        37.784176
    ],
    [
        51.284004,
        37.783136
    ],
    [
        51.283909,
        37.782186
    ],
    [
        51.283786,
        37.781122
    ],
    [
        51.283691,
        37.780185
    ],
    [
        51.283631,
        37.779644
    ],
    [
        51.283647,
        37.779573
    ],
    [
        51.283637,
        37.779546
    ],
    [
        51.283565,
        37.779192
    ],
    [
        51.283451,
        37.778083
    ],
    [
        51.283323,
        37.77688
    ],
    [
        51.283243,
        37.776057
    ],
    [
        51.283157,
        37.775247
    ],
    [
        51.28308,
        37.774442
    ],
    [
        51.282984,
        37.773464
    ],
    [
        51.282906,
        37.77262
    ],
    [
        51.282834,
        37.77185
    ],
    [
        51.282773,
        37.77111
    ],
    [
        51.28279,
        37.77108
    ],
    [
        51.282786,
        37.771037
    ],
    [
        51.282747,
        37.770933
    ],
    [
        51.282663,
        37.769895
    ],
    [
        51.282612,
        37.769097
    ],
    [
        51.282559,
        37.768251
    ],
    [
        51.282492,
        37.767427
    ],
    [
        51.282431,
        37.766536
    ],
    [
        51.282366,
        37.765666
    ],
    [
        51.282281,
        37.764596
    ],
    [
        51.282218,
        37.763641
    ],
    [
        51.282168,
        37.762903
    ],
    [
        51.282136,
        37.762124
    ],
    [
        51.282109,
        37.761241
    ],
    [
        51.282084,
        37.760333
    ],
    [
        51.282012,
        37.759411
    ],
    [
        51.281957,
        37.758553
    ],
    [
        51.281854,
        37.757628
    ],
    [
        51.281751,
        37.756691
    ],
    [
        51.28168,
        37.756007
    ],
    [
        51.281609,
        37.755252
    ],
    [
        51.28154,
        37.754599
    ],
    [
        51.281461,
        37.753913
    ],
    [
        51.281375,
        37.753251
    ],
    [
        51.281164,
        37.751848
    ],
    [
        51.280941,
        37.75042
    ],
    [
        51.280889,
        37.749565
    ],
    [
        51.280898,
        37.748618
    ],
    [
        51.28095,
        37.747355
    ],
    [
        51.280985,
        37.746534
    ],
    [
        51.280983,
        37.745732
    ],
    [
        51.280944,
        37.744777
    ],
    [
        51.280871,
        37.743348
    ],
    [
        51.280766,
        37.741706
    ],
    [
        51.280665,
        37.740041
    ],
    [
        51.280585,
        37.738784
    ],
    [
        51.280453,
        37.737503
    ],
    [
        51.280351,
        37.736175
    ],
    [
        51.28035,
        37.73592
    ],
    [
        51.28031,
        37.735435
    ],
    [
        51.280252,
        37.735152
    ],
    [
        51.280179,
        37.734868
    ],
    [
        51.280078,
        37.734642
    ],
    [
        51.279961,
        37.734478
    ],
    [
        51.279581,
        37.734082
    ],
    [
        51.278997,
        37.733399
    ],
    [
        51.278536,
        37.732873
    ],
    [
        51.2783,
        37.73258
    ],
    [
        51.278187,
        37.732335
    ],
    [
        51.278061,
        37.732037
    ],
    [
        51.277998,
        37.731695
    ],
    [
        51.277937,
        37.731045
    ],
    [
        51.277895,
        37.730151
    ],
    [
        51.277836,
        37.729023
    ],
    [
        51.277773,
        37.728005
    ],
    [
        51.277728,
        37.727356
    ],
    [
        51.277683,
        37.726654
    ],
    [
        51.324267,
        37.882343
    ],
    [
        51.323442,
        37.883219
    ],
    [
        51.322879,
        37.883844
    ],
    [
        51.322155,
        37.884702
    ],
    [
        51.321389,
        37.885569
    ],
    [
        51.320686,
        37.886357
    ],
    [
        51.319939,
        37.887184
    ],
    [
        51.319101,
        37.888102
    ],
    [
        51.318273,
        37.889006
    ],
    [
        51.317671,
        37.889661
    ],
    [
        51.317556,
        37.88969
    ],
    [
        51.31748,
        37.889768
    ],
    [
        51.317438,
        37.889927
    ],
    [
        51.317328,
        37.890072
    ],
    [
        51.317023,
        37.890422
    ],
    [
        51.316127,
        37.891425
    ],
    [
        51.315633,
        37.891948
    ],
    [
        51.315132,
        37.892504
    ],
    [
        51.315042,
        37.892597
    ],
    [
        51.314981,
        37.892599
    ],
    [
        51.314925,
        37.892649
    ],
    [
        51.314899,
        37.892739
    ],
    [
        51.314784,
        37.892888
    ],
    [
        51.314581,
        37.893119
    ],
    [
        51.313748,
        37.894044
    ],
    [
        51.31305,
        37.894817
    ],
    [
        51.312472,
        37.895457
    ],
    [
        51.311877,
        37.896117
    ],
    [
        51.31158,
        37.896434
    ],
    [
        51.311531,
        37.896436
    ],
    [
        51.311478,
        37.896499
    ],
    [
        51.311404,
        37.896635
    ],
    [
        51.310939,
        37.897152
    ],
    [
        51.310625,
        37.897498
    ],
    [
        51.311203,
        37.898827
    ],
    [
        51.311858,
        37.900309
    ],
    [
        51.311883,
        37.900459
    ],
    [
        51.31194,
        37.900598
    ],
    [
        51.312023,
        37.900657
    ],
    [
        51.312339,
        37.901373
    ],
    [
        51.313005,
        37.902935
    ],
    [
        51.313794,
        37.904813
    ],
    [
        51.313822,
        37.905031
    ],
    [
        51.313801,
        37.905159
    ],
    [
        51.31361,
        37.905406
    ],
    [
        51.313543,
        37.905364
    ],
    [
        51.313474,
        37.905439
    ],
    [
        51.313436,
        37.905597
    ],
    [
        51.313262,
        37.905779
    ],
    [
        51.312683,
        37.906455
    ],
    [
        51.312113,
        37.907085
    ],
    [
        51.311528,
        37.907726
    ],
    [
        51.31076,
        37.908565
    ],
    [
        51.310246,
        37.909119
    ],
    [
        51.310168,
        37.909065
    ],
    [
        51.310081,
        37.909194
    ],
    [
        51.310047,
        37.909362
    ],
    [
        51.30961,
        37.909825
    ],
    [
        51.309058,
        37.910375
    ],
    [
        51.308631,
        37.910731
    ],
    [
        51.308556,
        37.910768
    ],
    [
        51.308467,
        37.910547
    ],
    [
        51.308291,
        37.910176
    ],
    [
        51.308095,
        37.909806
    ],
    [
        51.307822,
        37.909234
    ],
    [
        51.307414,
        37.908282
    ],
    [
        51.307409,
        37.908119
    ],
    [
        51.307349,
        37.907959
    ],
    [
        51.307244,
        37.907895
    ],
    [
        51.306658,
        37.906557
    ],
    [
        51.305405,
        37.903677
    ],
    [
        51.304418,
        37.901479
    ],
    [
        51.303592,
        37.899433
    ],
    [
        51.303607,
        37.89934
    ],
    [
        51.303562,
        37.899233
    ],
    [
        51.303468,
        37.899206
    ],
    [
        51.303157,
        37.898513
    ],
    [
        51.302612,
        37.897267
    ],
    [
        51.301564,
        37.894864
    ],
    [
        51.301584,
        37.894752
    ],
    [
        51.301528,
        37.894645
    ],
    [
        51.301429,
        37.89456
    ],
    [
        51.301088,
        37.893776
    ],
    [
        51.300856,
        37.89324
    ],
    [
        51.300538,
        37.892533
    ],
    [
        51.300394,
        37.892195
    ],
    [
        51.300346,
        37.891895
    ],
    [
        51.300413,
        37.891643
    ],
    [
        51.300639,
        37.891356
    ],
    [
        51.301008,
        37.890942
    ],
    [
        51.301379,
        37.890541
    ],
    [
        51.301817,
        37.890036
    ],
    [
        51.302327,
        37.889498
    ],
    [
        51.302557,
        37.88925
    ],
    [
        51.302621,
        37.889176
    ],
    [
        51.302656,
        37.8892
    ],
    [
        51.302724,
        37.889132
    ],
    [
        51.302747,
        37.889017
    ],
    [
        51.302962,
        37.888787
    ],
    [
        51.303559,
        37.888113
    ],
    [
        51.304255,
        37.887351
    ],
    [
        51.304837,
        37.886693
    ],
    [
        51.30556,
        37.88591
    ],
    [
        51.306674,
        37.884666
    ],
    [
        51.307408,
        37.883867
    ],
    [
        51.308171,
        37.882988
    ],
    [
        51.30824,
        37.883019
    ],
    [
        51.30832,
        37.882919
    ],
    [
        51.308364,
        37.882778
    ],
    [
        51.309023,
        37.882076
    ],
    [
        51.309666,
        37.881362
    ],
    [
        51.310459,
        37.880465
    ],
    [
        51.311128,
        37.879708
    ],
    [
        51.310877,
        37.879084
    ],
    [
        51.309712,
        37.876366
    ],
    [
        51.309729,
        37.876242
    ],
    [
        51.309682,
        37.876175
    ],
    [
        51.309576,
        37.87606
    ],
    [
        51.30874,
        37.874038
    ],
    [
        51.308743,
        37.873974
    ],
    [
        51.308708,
        37.873875
    ],
    [
        51.308614,
        37.873776
    ],
    [
        51.308453,
        37.873404
    ],
    [
        51.308224,
        37.872876
    ],
    [
        51.307905,
        37.872167
    ],
    [
        51.307715,
        37.871695
    ],
    [
        51.307502,
        37.871181
    ],
    [
        51.307434,
        37.870936
    ],
    [
        51.307366,
        37.870417
    ],
    [
        51.307276,
        37.86926
    ],
    [
        51.307195,
        37.868322
    ],
    [
        51.307146,
        37.867855
    ],
    [
        51.307081,
        37.867017
    ],
    [
        51.307051,
        37.866335
    ],
    [
        51.307025,
        37.865661
    ],
    [
        51.307008,
        37.864983
    ],
    [
        51.306978,
        37.864279
    ],
    [
        51.306988,
        37.863847
    ],
    [
        51.307025,
        37.86371
    ],
    [
        51.307013,
        37.863596
    ],
    [
        51.306972,
        37.863452
    ],
    [
        51.306961,
        37.862963
    ],
    [
        51.306973,
        37.862554
    ],
    [
        51.307085,
        37.86191
    ],
    [
        51.30729,
        37.861268
    ],
    [
        51.307509,
        37.860695
    ],
    [
        51.307664,
        37.860125
    ],
    [
        51.307759,
        37.859572
    ],
    [
        51.307789,
        37.85895
    ],
    [
        51.307765,
        37.858092
    ],
    [
        51.30768,
        37.857548
    ],
    [
        51.307554,
        37.857086
    ],
    [
        51.30735,
        37.85635
    ],
    [
        51.307157,
        37.855789
    ],
    [
        51.306969,
        37.855227
    ],
    [
        51.306765,
        37.854529
    ],
    [
        51.30656,
        37.853946
    ],
    [
        51.306363,
        37.853322
    ],
    [
        51.306164,
        37.852727
    ],
    [
        51.30595,
        37.852107
    ],
    [
        51.3057,
        37.851571
    ],
    [
        51.30545,
        37.851073
    ],
    [
        51.305232,
        37.85064
    ],
    [
        51.305106,
        37.85038
    ],
    [
        51.305118,
        37.850311
    ],
    [
        51.30507,
        37.850226
    ],
    [
        51.304967,
        37.850178
    ],
    [
        51.304666,
        37.849673
    ],
    [
        51.304377,
        37.849222
    ],
    [
        51.304378,
        37.849221
    ],
    [
        51.304063,
        37.848788
    ],
    [
        51.303789,
        37.848343
    ],
    [
        51.303489,
        37.847825
    ],
    [
        51.303252,
        37.847404
    ],
    [
        51.303015,
        37.847012
    ],
    [
        51.302715,
        37.846545
    ],
    [
        51.302461,
        37.8462
    ],
    [
        51.30246,
        37.846199
    ],
    [
        51.302296,
        37.846048
    ],
    [
        51.302024,
        37.845754
    ],
    [
        51.30177,
        37.845447
    ],
    [
        51.301492,
        37.845088
    ],
    [
        51.301256,
        37.844738
    ],
    [
        51.300976,
        37.844254
    ],
    [
        51.300753,
        37.843829
    ],
    [
        51.299195,
        37.840631
    ],
    [
        51.2974,
        37.836641
    ],
    [
        51.296725,
        37.835128
    ],
    [
        51.29653,
        37.834568
    ],
    [
        51.296403,
        37.834277
    ],
    [
        51.296376,
        37.834208
    ],
    [
        51.296377,
        37.834128
    ],
    [
        51.296348,
        37.834046
    ],
    [
        51.296287,
        37.834022
    ],
    [
        51.296148,
        37.83374
    ],
    [
        51.295881,
        37.833164
    ],
    [
        51.29561,
        37.832514
    ],
    [
        51.295419,
        37.832066
    ],
    [
        51.295138,
        37.831337
    ],
    [
        51.294751,
        37.830512
    ],
    [
        51.294438,
        37.829987
    ],
    [
        51.294106,
        37.829516
    ],
    [
        51.293744,
        37.829017
    ],
    [
        51.293405,
        37.828573
    ],
    [
        51.293065,
        37.828137
    ],
    [
        51.29279,
        37.827774
    ],
    [
        51.292444,
        37.827318
    ],
    [
        51.292123,
        37.826912
    ],
    [
        51.291954,
        37.826693
    ],
    [
        51.291051,
        37.825635
    ],
    [
        51.290283,
        37.824834
    ],
    [
        51.289652,
        37.824187
    ],
    [
        51.289602,
        37.824125
    ],
    [
        51.289592,
        37.824031
    ],
    [
        51.289532,
        37.823956
    ],
    [
        51.28946,
        37.823983
    ],
    [
        51.289033,
        37.823506
    ],
    [
        51.288542,
        37.822938
    ],
    [
        51.288127,
        37.822475
    ],
    [
        51.287835,
        37.822139
    ],
    [
        51.287726,
        37.821894
    ],
    [
        51.287668,
        37.821616
    ],
    [
        51.287554,
        37.820916
    ],
    [
        51.287463,
        37.820412
    ],
    [
        51.28738,
        37.820305
    ],
    [
        51.287292,
        37.820302
    ],
    [
        51.287152,
        37.820395
    ],
    [
        51.287057,
        37.82061
    ],
    [
        51.286956,
        37.82086
    ],
    [
        51.286598,
        37.820513
    ],
    [
        51.286409,
        37.820262
    ],
    [
        51.286423,
        37.820183
    ],
    [
        51.28635,
        37.820108
    ],
    [
        51.286254,
        37.82008
    ],
    [
        51.285979,
        37.819723
    ],
    [
        51.285701,
        37.819367
    ],
    [
        51.285398,
        37.818956
    ],
    [
        51.28511,
        37.818634
    ],
    [
        51.284878,
        37.818329
    ],
    [
        51.284473,
        37.817836
    ],
    [
        51.284103,
        37.817391
    ],
    [
        51.283773,
        37.816935
    ],
    [
        51.283501,
        37.816626
    ],
    [
        51.283253,
        37.816324
    ],
    [
        51.283034,
        37.81604
    ],
    [
        51.282718,
        37.815658
    ],
    [
        51.282478,
        37.815346
    ],
    [
        51.282251,
        37.815065
    ],
    [
        51.282009,
        37.814772
    ],
    [
        51.281572,
        37.814244
    ],
    [
        51.28121,
        37.81379
    ],
    [
        51.28121,
        37.81379
    ],
    [
        51.280644,
        37.813076
    ],
    [
        51.28017,
        37.812458
    ],
    [
        51.279763,
        37.811934
    ],
    [
        51.279746,
        37.811837
    ],
    [
        51.279647,
        37.811713
    ],
    [
        51.279519,
        37.811663
    ],
    [
        51.279178,
        37.811289
    ],
    [
        51.278963,
        37.811137
    ],
    [
        51.278782,
        37.810918
    ],
    [
        51.278711,
        37.810922
    ],
    [
        51.278647,
        37.811004
    ],
    [
        51.278607,
        37.811072
    ],
    [
        51.278508,
        37.811131
    ],
    [
        51.27808,
        37.810851
    ],
    [
        51.27772,
        37.81061
    ],
    [
        51.277325,
        37.810351
    ],
    [
        51.276946,
        37.810107
    ],
    [
        51.276475,
        37.809794
    ],
    [
        51.276123,
        37.809569
    ],
    [
        51.275602,
        37.809227
    ],
    [
        51.275166,
        37.808942
    ],
    [
        51.274756,
        37.808676
    ],
    [
        51.274323,
        37.808386
    ],
    [
        51.273856,
        37.808062
    ],
    [
        51.273376,
        37.807762
    ],
    [
        51.27288,
        37.807427
    ],
    [
        51.272495,
        37.807155
    ],
    [
        51.272296,
        37.8069
    ],
    [
        51.272077,
        37.806394
    ],
    [
        51.272034,
        37.806136
    ],
    [
        51.271905,
        37.805968
    ],
    [
        51.271755,
        37.805932
    ],
    [
        51.271682,
        37.805908
    ],
    [
        51.271576,
        37.805762
    ],
    [
        51.271388,
        37.805535
    ],
    [
        51.271154,
        37.805066
    ],
    [
        51.27102,
        37.804816
    ],
    [
        51.271024,
        37.804724
    ],
    [
        51.270981,
        37.804656
    ],
    [
        51.270904,
        37.804625
    ],
    [
        51.270515,
        37.803891
    ],
    [
        51.270068,
        37.803065
    ],
    [
        51.269532,
        37.802069
    ],
    [
        51.269065,
        37.80121
    ],
    [
        51.268499,
        37.800184
    ],
    [
        51.267892,
        37.799064
    ],
    [
        51.267251,
        37.797882
    ],
    [
        51.266589,
        37.796663
    ],
    [
        51.266227,
        37.79603
    ],
    [
        51.265876,
        37.795583
    ],
    [
        51.265245,
        37.794866
    ],
    [
        51.265245,
        37.794867
    ],
    [
        51.264424,
        37.793967
    ],
    [
        51.243871,
        37.763985
    ],
    [
        51.243777,
        37.762316
    ],
    [
        51.243718,
        37.761476
    ],
    [
        51.243423,
        37.760293
    ],
    [
        51.2431,
        37.75902
    ],
    [
        51.242947,
        37.758356
    ],
    [
        51.242909,
        37.758144
    ],
    [
        51.242894,
        37.758061
    ],
    [
        51.242931,
        37.757734
    ],
    [
        51.243051,
        37.757438
    ],
    [
        51.243253,
        37.75726
    ],
    [
        51.243937,
        37.756833
    ],
    [
        51.244343,
        37.756623
    ],
    [
        51.244565,
        37.756685
    ],
    [
        51.244792,
        37.757039
    ],
    [
        51.24497,
        37.757859
    ],
    [
        51.245173,
        37.75876
    ],
    [
        51.245676,
        37.761152
    ],
    [
        51.24598,
        37.762526
    ],
    [
        51.246434,
        37.764273
    ],
    [
        51.246714,
        37.765261
    ],
    [
        51.247064,
        37.765925
    ],
    [
        51.247528,
        37.766409
    ],
    [
        51.24765,
        37.766561
    ],
    [
        51.247922,
        37.767066
    ],
    [
        51.248471,
        37.768027
    ],
    [
        51.248753,
        37.768169
    ],
    [
        51.24895,
        37.76813
    ],
    [
        51.250027,
        37.767797
    ],
    [
        51.250916,
        37.76753
    ],
    [
        51.25182,
        37.768386
    ],
    [
        51.252112,
        37.768637
    ],
    [
        51.252645,
        37.768818
    ],
    [
        51.253177,
        37.768774
    ],
    [
        51.253267,
        37.768777
    ],
    [
        51.253413,
        37.769108
    ],
    [
        51.253458,
        37.769736
    ],
    [
        51.253464,
        37.770302
    ],
    [
        51.253475,
        37.771005
    ],
    [
        51.253384,
        37.77236
    ],
    [
        51.253284,
        37.773089
    ],
    [
        51.253024,
        37.775143
    ],
    [
        51.25286,
        37.776483
    ],
    [
        51.253304,
        37.777429
    ],
    [
        51.254244,
        37.779283
    ],
    [
        51.25544,
        37.781625
    ],
    [
        51.256475,
        37.783634
    ],
    [
        51.257369,
        37.785273
    ],
    [
        51.258298,
        37.786976
    ],
    [
        51.258697,
        37.787545
    ],
    [
        51.259666,
        37.788644
    ],
    [
        51.260723,
        37.78983
    ],
    [
        51.261683,
        37.790897
    ],
    [
        51.262708,
        37.792048
    ],
    [
        51.262728,
        37.792106
    ],
    [
        51.263396,
        37.792824
    ],
    [
        51.264421,
        37.793949
    ],
    [
        51.265332,
        37.79498
    ],
    [
        51.266253,
        37.796072
    ],
    [
        51.267202,
        37.797817
    ],
    [
        51.268219,
        37.799687
    ],
    [
        51.269238,
        37.80156
    ],
    [
        51.270046,
        37.803028
    ],
    [
        51.27107,
        37.804902
    ],
    [
        51.271417,
        37.805603
    ],
    [
        51.271538,
        37.806149
    ],
    [
        51.271538,
        37.806434
    ],
    [
        51.271597,
        37.806654
    ],
    [
        51.2717,
        37.806766
    ],
    [
        51.271829,
        37.806799
    ],
    [
        51.271978,
        37.806775
    ],
    [
        51.272136,
        37.80687
    ],
    [
        51.272537,
        37.807195
    ],
    [
        51.272941,
        37.807502
    ],
    [
        51.27338,
        37.8078
    ],
    [
        51.273969,
        37.808172
    ],
    [
        51.274558,
        37.808548
    ],
    [
        51.275201,
        37.808981
    ],
    [
        51.278517,
        37.81114
    ],
    [
        51.278517,
        37.811139
    ],
    [
        51.279102,
        37.811583
    ],
    [
        51.280071,
        37.812846
    ],
    [
        51.287696,
        37.818231
    ],
    [
        51.287862,
        37.816985
    ],
    [
        51.287807,
        37.815425
    ],
    [
        51.287496,
        37.812728
    ],
    [
        51.287167,
        37.809869
    ],
    [
        51.286844,
        37.807179
    ],
    [
        51.286505,
        37.804414
    ],
    [
        51.285422,
        37.795221
    ],
    [
        51.284154,
        37.795617
    ],
    [
        51.283406,
        37.79588
    ],
    [
        51.282713,
        37.796283
    ],
    [
        51.281818,
        37.797128
    ],
    [
        51.280631,
        37.798274
    ],
    [
        51.280388,
        37.798489
    ],
    [
        51.275023,
        37.803734
    ],
    [
        51.275038,
        37.803881
    ],
    [
        51.275642,
        37.805493
    ],
    [
        51.276611,
        37.808121
    ],
    [
        51.277544,
        37.809422
    ],
    [
        51.278622,
        37.810712
    ],
    [
        51.278676,
        37.810931
    ],
    [
        51.278628,
        37.811059
    ],
    [
        51.278513,
        37.811111
    ],
    [
        51.278296,
        37.811007
    ],
    [
        51.276787,
        37.810006
    ],
    [
        51.275828,
        37.809367
    ],
    [
        51.274404,
        37.808429
    ],
    [
        51.273281,
        37.807712
    ],
    [
        51.272483,
        37.807155
    ],
    [
        51.27224,
        37.8068
    ],
    [
        51.27207,
        37.806358
    ],
    [
        51.272018,
        37.806098
    ],
    [
        51.271898,
        37.805973
    ],
    [
        51.27177,
        37.805934
    ],
    [
        51.271657,
        37.805879
    ],
    [
        51.271335,
        37.805455
    ],
    [
        51.270023,
        37.802981
    ],
    [
        51.26696,
        37.797344
    ],
    [
        51.266278,
        37.796097
    ],
    [
        51.265642,
        37.79532
    ],
    [
        51.262288,
        37.791593
    ],
    [
        51.258741,
        37.787612
    ],
    [
        51.258498,
        37.78725
    ],
    [
        51.257946,
        37.786385
    ],
    [
        51.25599,
        37.782704
    ],
    [
        51.252881,
        37.776547
    ],
    [
        51.252948,
        37.775665
    ],
    [
        51.253384,
        37.772284
    ],
    [
        51.253472,
        37.771066
    ],
    [
        51.25345,
        37.769539
    ],
    [
        51.253417,
        37.769097
    ],
    [
        51.253301,
        37.768806
    ],
    [
        51.253191,
        37.768753
    ],
    [
        51.252594,
        37.768797
    ],
    [
        51.252102,
        37.76863
    ],
    [
        51.250881,
        37.767482
    ],
    [
        51.248798,
        37.768179
    ],
    [
        51.248506,
        37.768047
    ],
    [
        51.248345,
        37.7678
    ],
    [
        51.247572,
        37.76644
    ],
    [
        51.247058,
        37.76592
    ],
    [
        51.246738,
        37.765328
    ],
    [
        51.245947,
        37.762345
    ],
    [
        51.245505,
        37.760341
    ],
    [
        51.244792,
        37.757016
    ],
    [
        51.244549,
        37.756676
    ],
    [
        51.244333,
        37.756632
    ],
    [
        51.243935,
        37.756835
    ],
    [
        51.243388,
        37.757162
    ],
    [
        51.243092,
        37.757401
    ],
    [
        51.243041,
        37.757452
    ],
    [
        51.242922,
        37.75777
    ],
    [
        51.242899,
        37.758086
    ],
    [
        51.24298,
        37.758521
    ],
    [
        51.243309,
        37.759844
    ],
    [
        51.243716,
        37.761462
    ],
    [
        51.243756,
        37.761891
    ],
    [
        51.243835,
        37.763363
    ],
    [
        51.243876,
        37.763996
    ],
    [
        51.286419,
        37.820264
    ],
    [
        51.2861,
        37.819871
    ],
    [
        51.285678,
        37.819326
    ],
    [
        51.285267,
        37.818814
    ],
    [
        51.284826,
        37.818264
    ],
    [
        51.284386,
        37.817715
    ],
    [
        51.284069,
        37.817315
    ],
    [
        51.283521,
        37.81663
    ],
    [
        51.283103,
        37.81612
    ],
    [
        51.282687,
        37.815605
    ],
    [
        51.281313,
        37.813913
    ],
    [
        51.279908,
        37.812121
    ],
    [
        51.279315,
        37.81141
    ],
    [
        51.27911,
        37.811267
    ],
    [
        51.278786,
        37.810911
    ],
    [
        51.278659,
        37.810965
    ],
    [
        51.278627,
        37.811054
    ],
    [
        51.278511,
        37.811105
    ],
    [
        51.278242,
        37.810965
    ],
    [
        51.276963,
        37.810124
    ],
    [
        51.275656,
        37.809274
    ],
    [
        51.274013,
        37.808183
    ],
    [
        51.273134,
        37.807631
    ],
    [
        51.272473,
        37.807137
    ],
    [
        51.272334,
        37.806958
    ],
    [
        51.272079,
        37.806428
    ],
    [
        51.272041,
        37.806142
    ],
    [
        51.271936,
        37.805994
    ],
    [
        51.271777,
        37.80594
    ],
    [
        51.271685,
        37.805889
    ],
    [
        51.271532,
        37.805715
    ],
    [
        51.271381,
        37.80551
    ],
    [
        51.27109,
        37.804949
    ],
    [
        51.270579,
        37.804014
    ],
    [
        51.269215,
        37.80149
    ],
    [
        51.26922,
        37.801493
    ],
    [
        51.268297,
        37.799807
    ],
    [
        51.26719,
        37.797784
    ],
    [
        51.266305,
        37.796144
    ],
    [
        51.264522,
        37.794038
    ],
    [
        51.261831,
        37.791035
    ],
    [
        51.259448,
        37.78838
    ],
    [
        51.258536,
        37.787342
    ],
    [
        51.256798,
        37.784186
    ],
    [
        51.25552,
        37.781728
    ],
    [
        51.254785,
        37.780309
    ],
    [
        51.252863,
        37.776517
    ],
    [
        51.252832,
        37.776488
    ],
    [
        51.252585,
        37.776609
    ],
    [
        51.252466,
        37.776676
    ],
    [
        51.252238,
        37.776968
    ],
    [
        51.251797,
        37.777538
    ],
    [
        51.251035,
        37.778503
    ],
    [
        51.251036,
        37.778502
    ],
    [
        51.250896,
        37.778685
    ],
    [
        51.250309,
        37.779433
    ],
    [
        51.25014,
        37.779532
    ],
    [
        51.249774,
        37.779849
    ],
    [
        51.249628,
        37.779969
    ],
    [
        51.249548,
        37.780004
    ],
    [
        51.249291,
        37.780067
    ],
    [
        51.248995,
        37.780051
    ],
    [
        51.248877,
        37.780045
    ],
    [
        51.248466,
        37.779861
    ],
    [
        51.248004,
        37.779659
    ],
    [
        51.247304,
        37.779358
    ],
    [
        51.246555,
        37.779022
    ],
    [
        51.246346,
        37.778976
    ],
    [
        51.24613,
        37.779029
    ],
    [
        51.245983,
        37.779092
    ],
    [
        51.245708,
        37.779318
    ],
    [
        51.245336,
        37.77966
    ],
    [
        51.244788,
        37.780164
    ],
    [
        51.244596,
        37.780411
    ],
    [
        51.244419,
        37.780772
    ],
    [
        51.244294,
        37.781192
    ],
    [
        51.24425,
        37.781351
    ],
    [
        51.244098,
        37.782158
    ],
    [
        51.243902,
        37.783192
    ],
    [
        51.243763,
        37.783947
    ],
    [
        51.243568,
        37.784009
    ],
    [
        51.243237,
        37.78413
    ],
    [
        51.243162,
        37.784639
    ],
    [
        51.243168,
        37.784642
    ],
    [
        51.287757,
        37.81819
    ],
    [
        51.287761,
        37.817798
    ],
    [
        51.287853,
        37.817167
    ],
    [
        51.287875,
        37.816633
    ],
    [
        51.287869,
        37.816233
    ],
    [
        51.287829,
        37.815603
    ],
    [
        51.28773,
        37.814676
    ],
    [
        51.28763,
        37.813787
    ],
    [
        51.287507,
        37.812755
    ],
    [
        51.287387,
        37.811738
    ],
    [
        51.287296,
        37.810915
    ],
    [
        51.287192,
        37.809948
    ],
    [
        51.287068,
        37.808986
    ],
    [
        51.286991,
        37.808328
    ],
    [
        51.286916,
        37.807711
    ],
    [
        51.286895,
        37.80747
    ],
    [
        51.286919,
        37.807395
    ],
    [
        51.286858,
        37.807216
    ],
    [
        51.286768,
        37.806512
    ],
    [
        51.286715,
        37.806013
    ],
    [
        51.286615,
        37.805213
    ],
    [
        51.286531,
        37.804537
    ],
    [
        51.286462,
        37.803948
    ],
    [
        51.286397,
        37.803418
    ],
    [
        51.286346,
        37.802984
    ],
    [
        51.286277,
        37.802384
    ],
    [
        51.286201,
        37.801797
    ],
    [
        51.286117,
        37.801085
    ],
    [
        51.286094,
        37.800849
    ],
    [
        51.286121,
        37.800782
    ],
    [
        51.28605,
        37.800518
    ],
    [
        51.285973,
        37.799854
    ],
    [
        51.285911,
        37.799319
    ],
    [
        51.28586,
        37.798876
    ],
    [
        51.285781,
        37.798234
    ],
    [
        51.285696,
        37.797458
    ],
    [
        51.285592,
        37.79656
    ],
    [
        51.285488,
        37.795764
    ],
    [
        51.285416,
        37.795137
    ],
    [
        51.285306,
        37.794185
    ],
    [
        51.285275,
        37.793863
    ],
    [
        51.28529,
        37.793797
    ],
    [
        51.285239,
        37.793586
    ],
    [
        51.285129,
        37.792682
    ],
    [
        51.285036,
        37.791824
    ],
    [
        51.284961,
        37.791276
    ],
    [
        51.284867,
        37.79048
    ],
    [
        51.284777,
        37.789702
    ],
    [
        51.284697,
        37.789045
    ],
    [
        51.284689,
        37.788672
    ],
    [
        51.284693,
        37.788403
    ],
    [
        51.284809,
        37.788189
    ],
    [
        51.284819,
        37.78786
    ],
    [
        51.284705,
        37.78767
    ],
    [
        51.284614,
        37.787509
    ],
    [
        51.284439,
        37.786986
    ],
    [
        51.284349,
        37.786304
    ],
    [
        51.284035,
        37.783383
    ],
    [
        51.283524,
        37.7789
    ],
    [
        51.283065,
        37.774376
    ],
    [
        51.282678,
        37.770309
    ],
    [
        51.282422,
        37.766674
    ],
    [
        51.282157,
        37.762756
    ],
    [
        51.282073,
        37.760203
    ],
    [
        51.281885,
        37.757948
    ],
    [
        51.281708,
        37.756315
    ],
    [
        51.281561,
        37.754787
    ],
    [
        51.280375,
        37.755005
    ],
    [
        51.278538,
        37.755384
    ],
    [
        51.276692,
        37.75579
    ],
    [
        51.274785,
        37.756179
    ],
    [
        51.27334,
        37.756502
    ],
    [
        51.271334,
        37.756916
    ],
    [
        51.269158,
        37.757476
    ],
    [
        51.26775,
        37.757806
    ],
    [
        51.26597,
        37.758392
    ],
    [
        51.2657,
        37.758349
    ],
    [
        51.265521,
        37.758306
    ],
    [
        51.265298,
        37.758108
    ],
    [
        51.265216,
        37.75787
    ],
    [
        51.2652,
        37.757615
    ],
    [
        51.265102,
        37.756821
    ],
    [
        51.264804,
        37.756481
    ],
    [
        51.264315,
        37.756278
    ],
    [
        51.263912,
        37.756104
    ],
    [
        51.263423,
        37.755897
    ],
    [
        51.263036,
        37.755736
    ],
    [
        51.26263,
        37.75556
    ],
    [
        51.262089,
        37.755327
    ],
    [
        51.261671,
        37.755152
    ],
    [
        51.261143,
        37.754937
    ],
    [
        51.259632,
        37.75432
    ],
    [
        51.258466,
        37.753847
    ],
    [
        51.25832,
        37.753075
    ],
    [
        51.258257,
        37.752746
    ],
    [
        51.257886,
        37.752931
    ],
    [
        51.257912,
        37.752164
    ],
    [
        51.266473,
        37.796401
    ],
    [
        51.267377,
        37.798005
    ],
    [
        51.277664,
        37.726534
    ],
    [
        51.277819,
        37.728717
    ],
    [
        51.277882,
        37.729984
    ],
    [
        51.277968,
        37.731518
    ],
    [
        51.278068,
        37.732099
    ],
    [
        51.278373,
        37.7327
    ],
    [
        51.278673,
        37.73303
    ],
    [
        51.279082,
        37.733505
    ],
    [
        51.279546,
        37.734047
    ],
    [
        51.279984,
        37.73451
    ],
    [
        51.280185,
        37.734879
    ],
    [
        51.280294,
        37.735391
    ],
    [
        51.28035,
        37.736044
    ],
    [
        51.280459,
        37.737562
    ],
    [
        51.280641,
        37.739691
    ],
    [
        51.28075,
        37.741499
    ],
    [
        51.280871,
        37.743379
    ],
    [
        51.280963,
        37.745221
    ],
    [
        51.280973,
        37.746727
    ],
    [
        51.280911,
        37.748352
    ],
    [
        51.280879,
        37.749614
    ],
    [
        51.280961,
        37.750566
    ],
    [
        51.281153,
        37.751763
    ],
    [
        51.281438,
        37.7538
    ],
    [
        51.281664,
        37.755832
    ],
    [
        51.281874,
        37.757862
    ],
    [
        51.282054,
        37.760063
    ],
    [
        51.282123,
        37.761969
    ],
    [
        51.282254,
        37.764291
    ],
    [
        51.282731,
        37.770959
    ],
    [
        51.283126,
        37.775209
    ],
    [
        51.283452,
        37.778233
    ],
    [
        51.283773,
        37.781009
    ],
    [
        51.2841,
        37.78401
    ],
    [
        51.284418,
        37.786836
    ],
    [
        51.284414,
        37.787589
    ],
    [
        51.284365,
        37.787751
    ],
    [
        51.284285,
        37.787884
    ],
    [
        51.284296,
        37.788138
    ],
    [
        51.284348,
        37.78831
    ],
    [
        51.284458,
        37.788422
    ],
    [
        51.284517,
        37.788507
    ],
    [
        51.28469,
        37.789124
    ],
    [
        51.284874,
        37.79065
    ],
    [
        51.285095,
        37.792539
    ],
    [
        51.285281,
        37.79413
    ],
    [
        51.285563,
        37.796451
    ],
    [
        51.285824,
        37.798736
    ],
    [
        51.286166,
        37.801552
    ],
    [
        51.286493,
        37.804378
    ],
    [
        51.286823,
        37.807059
    ],
    [
        51.287025,
        37.808723
    ],
    [
        51.287218,
        37.810327
    ],
    [
        51.287417,
        37.812168
    ],
    [
        51.287634,
        37.813998
    ],
    [
        51.287832,
        37.815911
    ],
    [
        51.287859,
        37.816598
    ],
    [
        51.287826,
        37.817325
    ],
    [
        51.287442,
        37.819541
    ],
    [
        51.28737,
        37.819867
    ],
    [
        51.286949,
        37.820872
    ],
    [
        51.28647,
        37.820385
    ],
    [
        51.285698,
        37.819367
    ],
    [
        51.284854,
        37.818315
    ],
    [
        51.283777,
        37.816964
    ],
    [
        51.282685,
        37.81563
    ],
    [
        51.280748,
        37.813206
    ],
    [
        51.279349,
        37.811431
    ],
    [
        51.279081,
        37.811249
    ],
    [
        51.278775,
        37.810908
    ],
    [
        51.278642,
        37.810998
    ],
    [
        51.278628,
        37.811068
    ],
    [
        51.278519,
        37.811101
    ],
    [
        51.277955,
        37.810819
    ],
    [
        51.277524,
        37.810486
    ],
    [
        51.277201,
        37.810267
    ],
    [
        51.276744,
        37.809969
    ],
    [
        51.276301,
        37.809671
    ],
    [
        51.27575,
        37.809322
    ],
    [
        51.274888,
        37.80876
    ],
    [
        51.274019,
        37.808184
    ],
    [
        51.272844,
        37.80743
    ],
    [
        51.272374,
        37.807042
    ],
    [
        51.272102,
        37.806457
    ],
    [
        51.272031,
        37.806133
    ],
    [
        51.271909,
        37.805976
    ],
    [
        51.271758,
        37.805938
    ],
    [
        51.271562,
        37.805761
    ],
    [
        51.271413,
        37.805577
    ],
    [
        51.271028,
        37.80483
    ],
    [
        51.269993,
        37.802921
    ],
    [
        51.269087,
        37.801276
    ],
    [
        51.267587,
        37.798506
    ],
    [
        51.266312,
        37.796164
    ],
    [
        51.265412,
        37.795043
    ],
    [
        51.264207,
        37.7937
    ],
    [
        51.26277,
        37.792107
    ],
    [
        51.26141,
        37.79057
    ],
    [
        51.259464,
        37.788407
    ],
    [
        51.258778,
        37.787637
    ],
    [
        51.258475,
        37.787192
    ],
    [
        51.257768,
        37.786023
    ],
    [
        51.25381,
        37.778452
    ],
    [
        51.252857,
        37.776487
    ],
    [
        51.252673,
        37.776564
    ],
    [
        51.252527,
        37.77664
    ],
    [
        51.25247,
        37.776675
    ],
    [
        51.252248,
        37.776961
    ],
    [
        51.251959,
        37.777328
    ],
    [
        51.251522,
        37.777881
    ],
    [
        51.251061,
        37.778469
    ],
    [
        51.250534,
        37.779152
    ],
    [
        51.250306,
        37.779427
    ],
    [
        51.250034,
        37.779622
    ],
    [
        51.249741,
        37.779875
    ],
    [
        51.249651,
        37.779949
    ],
    [
        51.249613,
        37.779981
    ],
    [
        51.249506,
        37.780013
    ],
    [
        51.249281,
        37.780072
    ],
    [
        51.248879,
        37.780047
    ],
    [
        51.248347,
        37.779816
    ],
    [
        51.246575,
        37.77903
    ],
    [
        51.246364,
        37.778982
    ],
    [
        51.246204,
        37.779006
    ],
    [
        51.246007,
        37.779077
    ],
    [
        51.245679,
        37.779344
    ],
    [
        51.245266,
        37.779725
    ],
    [
        51.244799,
        37.780154
    ],
    [
        51.244654,
        37.780341
    ],
    [
        51.244584,
        37.780441
    ],
    [
        51.244427,
        37.780749
    ],
    [
        51.244334,
        37.781042
    ],
    [
        51.244225,
        37.781455
    ],
    [
        51.24411,
        37.782097
    ],
    [
        51.243902,
        37.783169
    ],
    [
        51.243762,
        37.78395
    ],
    [
        51.243466,
        37.784045
    ],
    [
        51.243162,
        37.784548
    ],
    [
        51.243185,
        37.784914
    ],
    [
        51.243324,
        37.785008
    ],
    [
        51.24354,
        37.78511
    ],
    [
        51.243471,
        37.785492
    ],
    [
        51.243338,
        37.786212
    ],
    [
        51.243167,
        37.787149
    ],
    [
        51.243101,
        37.787479
    ],
    [
        51.242981,
        37.788243
    ],
    [
        51.242918,
        37.788653
    ],
    [
        51.243392,
        37.788861
    ],
    [
        51.244006,
        37.789143
    ],
    [
        51.243704,
        37.790737
    ],
    [
        51.243324,
        37.792815
    ],
    [
        51.243313,
        37.792929
    ],
    [
        51.24333,
        37.793248
    ],
    [
        51.243439,
        37.793607
    ],
    [
        51.243401,
        37.793793
    ],
    [
        51.243329,
        37.79417
    ],
    [
        51.243228,
        37.794719
    ],
    [
        51.267372,
        37.797997
    ],
    [
        51.267702,
        37.798729
    ],
    [
        51.268068,
        37.799411
    ],
    [
        51.268892,
        37.800908
    ],
    [
        51.269901,
        37.802749
    ],
    [
        51.270832,
        37.804459
    ],
    [
        51.271452,
        37.805628
    ],
    [
        51.271529,
        37.806109
    ],
    [
        51.271554,
        37.806252
    ],
    [
        51.271524,
        37.806402
    ],
    [
        51.271638,
        37.806701
    ],
    [
        51.271736,
        37.806803
    ],
    [
        51.271863,
        37.806777
    ],
    [
        51.27197,
        37.806775
    ],
    [
        51.272105,
        37.806855
    ],
    [
        51.272285,
        37.806986
    ],
    [
        51.272473,
        37.807159
    ],
    [
        51.272756,
        37.807375
    ],
    [
        51.274083,
        37.808239
    ],
    [
        51.275379,
        37.809085
    ],
    [
        51.276756,
        37.809997
    ],
    [
        51.278518,
        37.811152
    ],
    [
        51.279018,
        37.811539
    ],
    [
        51.279332,
        37.811889
    ],
    [
        51.28002,
        37.812793
    ],
    [
        51.281259,
        37.814291
    ],
    [
        51.282758,
        37.816071
    ],
    [
        51.284175,
        37.817736
    ],
    [
        51.285269,
        37.819156
    ],
    [
        51.286796,
        37.821144
    ],
    [
        51.28689,
        37.821333
    ],
    [
        51.286943,
        37.821646
    ],
    [
        51.28694,
        37.822025
    ],
    [
        51.286964,
        37.82225
    ],
    [
        51.286973,
        37.822379
    ],
    [
        51.287039,
        37.822421
    ],
    [
        51.287145,
        37.822422
    ],
    [
        51.287519,
        37.82227
    ],
    [
        51.287642,
        37.822172
    ],
    [
        51.287692,
        37.821977
    ],
    [
        51.287714,
        37.821857
    ],
    [
        51.287539,
        37.820733
    ],
    [
        51.287404,
        37.819972
    ],
    [
        51.287447,
        37.819504
    ],
    [
        51.287717,
        37.817979
    ],
    [
        51.287871,
        37.81671
    ],
    [
        51.287798,
        37.815494
    ],
    [
        51.287659,
        37.814171
    ],
    [
        51.287382,
        37.811841
    ],
    [
        51.287166,
        37.809908
    ],
    [
        51.286886,
        37.807591
    ],
    [
        51.286607,
        37.805209
    ],
    [
        51.286271,
        37.802511
    ],
    [
        51.286049,
        37.800664
    ],
    [
        51.285638,
        37.797006
    ],
    [
        51.284865,
        37.790523
    ],
    [
        51.284739,
        37.789487
    ],
    [
        51.243222,
        37.794723
    ],
    [
        51.243441,
        37.793589
    ],
    [
        51.243327,
        37.793225
    ],
    [
        51.243315,
        37.792891
    ],
    [
        51.243464,
        37.79201
    ],
    [
        51.243733,
        37.790577
    ],
    [
        51.244004,
        37.78915
    ],
    [
        51.243383,
        37.788858
    ],
    [
        51.24292,
        37.788653
    ],
    [
        51.243099,
        37.787485
    ],
    [
        51.243098,
        37.787489
    ],
    [
        51.243543,
        37.7851
    ],
    [
        51.24374,
        37.784054
    ],
    [
        51.244069,
        37.782331
    ],
    [
        51.24421,
        37.781568
    ],
    [
        51.244347,
        37.780998
    ],
    [
        51.244426,
        37.780762
    ],
    [
        51.244612,
        37.780388
    ],
    [
        51.244767,
        37.78015
    ],
    [
        51.245093,
        37.779888
    ],
    [
        51.245467,
        37.779542
    ],
    [
        51.246081,
        37.779038
    ],
    [
        51.246207,
        37.778963
    ],
    [
        51.246469,
        37.778999
    ],
    [
        51.247024,
        37.779218
    ],
    [
        51.247533,
        37.779458
    ],
    [
        51.248004,
        37.779667
    ],
    [
        51.248857,
        37.780032
    ],
    [
        51.248951,
        37.780059
    ],
    [
        51.249276,
        37.78007
    ],
    [
        51.249654,
        37.779968
    ],
    [
        51.249834,
        37.77993
    ],
    [
        51.250168,
        37.779616
    ],
    [
        51.250341,
        37.779397
    ],
    [
        51.25069,
        37.778953
    ],
    [
        51.251219,
        37.778273
    ],
    [
        51.251997,
        37.777286
    ],
    [
        51.252479,
        37.776672
    ],
    [
        51.252576,
        37.776606
    ],
    [
        51.252857,
        37.7765
    ],
    [
        51.253133,
        37.77712
    ],
    [
        51.253612,
        37.778038
    ],
    [
        51.254377,
        37.779521
    ],
    [
        51.255115,
        37.780989
    ],
    [
        51.255679,
        37.782081
    ],
    [
        51.256263,
        37.783215
    ],
    [
        51.256933,
        37.784449
    ],
    [
        51.257392,
        37.785342
    ],
    [
        51.257904,
        37.786294
    ],
    [
        51.2584,
        37.78711
    ],
    [
        51.258684,
        37.787578
    ],
    [
        51.258857,
        37.787732
    ],
    [
        51.259393,
        37.788352
    ],
    [
        51.262784,
        37.792113
    ],
    [
        51.266335,
        37.796198
    ],
    [
        51.266477,
        37.796404
    ],
    [
        51.284743,
        37.789518
    ],
    [
        51.284694,
        37.788842
    ],
    [
        51.284691,
        37.788398
    ],
    [
        51.284831,
        37.788132
    ],
    [
        51.284804,
        37.787722
    ],
    [
        51.284708,
        37.78766
    ],
    [
        51.284644,
        37.787586
    ],
    [
        51.284456,
        37.787065
    ],
    [
        51.284366,
        37.786513
    ],
    [
        51.284366,
        37.786351
    ],
    [
        51.284221,
        37.785033
    ],
    [
        51.284046,
        37.783413
    ],
    [
        51.28381,
        37.781307
    ],
    [
        51.283626,
        37.779727
    ],
    [
        51.283474,
        37.778434
    ],
    [
        51.283404,
        37.777735
    ],
    [
        51.283209,
        37.775878
    ],
    [
        51.283198,
        37.775303
    ],
    [
        51.282792,
        37.771521
    ],
    [
        51.282642,
        37.769738
    ],
    [
        51.282529,
        37.768032
    ],
    [
        51.282333,
        37.765445
    ],
    [
        51.282115,
        37.761916
    ],
    [
        51.281975,
        37.758852
    ],
    [
        51.281508,
        37.754356
    ],
    [
        51.281331,
        37.752525
    ],
    [
        51.28096,
        37.750522
    ],
    [
        51.280894,
        37.749426
    ],
    [
        51.280892,
        37.748448
    ],
    [
        51.280965,
        37.746625
    ],
    [
        51.280959,
        37.745452
    ],
    [
        51.280923,
        37.744436
    ],
    [
        51.280849,
        37.742915
    ],
    [
        51.28061,
        37.739361
    ],
    [
        51.280398,
        37.736946
    ],
    [
        51.280318,
        37.735608
    ],
    [
        51.280261,
        37.735128
    ],
    [
        51.280062,
        37.734636
    ],
    [
        51.279633,
        37.734135
    ],
    [
        51.279134,
        37.733553
    ],
    [
        51.278353,
        37.732652
    ],
    [
        51.278183,
        37.732334
    ],
    [
        51.278051,
        37.731984
    ],
    [
        51.278006,
        37.731799
    ],
    [
        51.277895,
        37.730369
    ],
    [
        51.277786,
        37.728372
    ],
    [
        51.277674,
        37.726596
    ],
    [
        51.264424,
        37.793968
    ],
    [
        51.263993,
        37.793483
    ],
    [
        51.263582,
        37.793018
    ],
    [
        51.263183,
        37.792554
    ],
    [
        51.262622,
        37.791937
    ],
    [
        51.262152,
        37.79142
    ],
    [
        51.261766,
        37.790985
    ],
    [
        51.261351,
        37.790506
    ],
    [
        51.260931,
        37.790038
    ],
    [
        51.26027,
        37.789308
    ],
    [
        51.259824,
        37.788818
    ],
    [
        51.259398,
        37.788348
    ],
    [
        51.258595,
        37.787419
    ],
    [
        51.257885,
        37.786278
    ],
    [
        51.254679,
        37.780136
    ],
    [
        51.252851,
        37.776488
    ],
    [
        51.25248,
        37.776659
    ],
    [
        51.251719,
        37.777638
    ],
    [
        51.250816,
        37.778788
    ],
    [
        51.250314,
        37.77942
    ],
    [
        51.250132,
        37.779542
    ],
    [
        51.24996,
        37.779683
    ],
    [
        51.249636,
        37.779963
    ],
    [
        51.249266,
        37.78008
    ],
    [
        51.249006,
        37.78006
    ],
    [
        51.248885,
        37.780057
    ],
    [
        51.248286,
        37.77979
    ],
    [
        51.247624,
        37.779492
    ],
    [
        51.246917,
        37.779175
    ],
    [
        51.246537,
        37.779013
    ],
    [
        51.246333,
        37.778975
    ],
    [
        51.245989,
        37.779082
    ],
    [
        51.245579,
        37.779437
    ],
    [
        51.245085,
        37.779892
    ],
    [
        51.244778,
        37.780175
    ],
    [
        51.244602,
        37.780406
    ],
    [
        51.244439,
        37.780719
    ],
    [
        51.244283,
        37.781213
    ],
    [
        51.244159,
        37.781814
    ],
    [
        51.243888,
        37.783246
    ],
    [
        51.24376,
        37.783952
    ],
    [
        51.243443,
        37.784055
    ],
    [
        51.243304,
        37.784297
    ],
    [
        51.243211,
        37.784775
    ],
    [
        51.243262,
        37.784984
    ],
    [
        51.243533,
        37.785101
    ],
    [
        51.243452,
        37.785541
    ],
    [
        51.24338,
        37.785973
    ],
    [
        51.243293,
        37.786444
    ],
    [
        51.243214,
        37.786887
    ],
    [
        51.243076,
        37.787569
    ],
    [
        51.242952,
        37.78843
    ],
    [
        51.242913,
        37.788661
    ],
    [
        51.243384,
        37.788861
    ],
    [
        51.243997,
        37.789137
    ],
    [
        51.244,
        37.789167
    ],
    [
        51.243907,
        37.789659
    ],
    [
        51.243773,
        37.790373
    ],
    [
        51.243494,
        37.791849
    ],
    [
        51.243316,
        37.792873
    ],
    [
        51.243322,
        37.793206
    ],
    [
        51.24344,
        37.793612
    ],
    [
        51.243347,
        37.794079
    ],
    [
        51.243227,
        37.794719
    ]
]